year,make,model,trim,body,transmission,vin,state,condition,odometer,color,interior,seller,mmr,sellingprice,saledate,saleday
2015,Kia,Optima,LX,Sedan,automatic,5XXGM4A73FG353538,CA,48.0,2034,Red,Tan,kia motors finance,15150,17700,2014-12-16,Tuesday
2015,Kia,Sorento,LX,Suv,automatic,5XYKT3A62FG579841,CA,5.0,5214,White,Black,kia motors finance,19400,19300,2014-12-16,Tuesday
2015,Hyundai,Elantra,SE,Sedan,automatic,5NPDH4AE2FH565969,CA,1.0,7879,Silver,Gray,enterprise vehicle exchange / tra / rental / tulsa,13800,10500,2014-12-16,Tuesday
2015,Hyundai,Elantra,SE,Sedan,automatic,5NPDH4AE8FH565992,CA,2.0,7800,Silver,Gray,enterprise vehicle exchange / tra / rental / tulsa,13800,9000,2014-12-16,Tuesday
2013,Hyundai,Santa Fe,Limited,Suv,automatic,KM8SRDHF0DU002596,CA,5.0,14974,White,Gray,hyundai buybacks,28300,27000,2014-12-16,Tuesday
2013,Hyundai,Genesis,5.0 R-Spec,Sedan,automatic,KMHGC4DH7DU220016,CA,47.0,21463,Gray,Black,hyundai motor america/co car,27100,27400,2014-12-16,Tuesday
2013,Hyundai,Elantra,GLS,Sedan,automatic,KMHDH4AE9DU490167,CA,26.0,56651,Red,Beige,hyundai motor finance,10250,10700,2014-12-16,Tuesday
2013,Hyundai,Santa Fe,Limited,Suv,automatic,KM8SRDHF8DU000644,CA,5.0,11439,White,Brown,hyundai motor america/co car,28500,30800,2014-12-16,Tuesday
2013,Hyundai,Elantra,GLS,Sedan,automatic,5NPDH4AE5DH342001,CA,2.0,37436,Silver,Gray,enterprise vehicle exchange / tra / rental / tulsa,11400,8800,2014-12-16,Tuesday
2013,Hyundai,Elantra,GLS,Sedan,manual,5NPDH4AE9DH235016,CA,49.0,2606,White,Beige,hyundai motor america/co car,13450,12300,2014-12-16,Tuesday
2013,Hyundai,Sonata Hybrid,Limited,Sedan,automatic,KMHEC4A46DA091860,CA,48.0,16386,White,Gray,hyundai motor america/co car,18000,18800,2014-12-16,Tuesday
2013,Hyundai,Santa Fe,Sport,Suv,automatic,5XYZTDLB9DG057378,CA,48.0,20663,Gray,Gray,hyundai motor america/co car,19500,19200,2014-12-16,Tuesday
2013,Hyundai,Santa Fe,Limited,Suv,automatic,KM8SR4HF7DU008024,CA,42.0,13225,Black,Brown,hyundai motor america/co car,23400,26000,2014-12-16,Tuesday
2013,Hyundai,Sonata Hybrid,Limited,Sedan,automatic,KMHEC4A48DA092248,CA,46.0,13736,Black,Beige,hyundai motor america/co car,18350,17700,2014-12-16,Tuesday
2013,Hyundai,Elantra,GLS,Sedan,automatic,5NPDH4AE8DH345667,CA,2.0,25442,Gold,Beige,enterprise vehicle exchange / tra / rental / tulsa,12150,6700,2014-12-16,Tuesday
2013,Hyundai,Santa Fe,Sport 2.0T,Suv,automatic,5XYZW3LA5DG114166,CA,47.0,17367,Black,Beige,hyundai motor america/co car,21400,24100,2014-12-16,Tuesday
2013,Hyundai,Sonata,Limited,Sedan,automatic,5NPEC4AC2DH608074,CA,43.0,18479,White,Burgundy,hyundai motor america/co car,16900,18100,2014-12-16,Tuesday
2013,Hyundai,Veloster,Turbo,Hatchback,automatic,KMHTC6AE4DU168333,CA,36.0,10474,White,Black,hyundai motor america/co car,15000,16100,2014-12-16,Tuesday
2013,Hyundai,Elantra Coupe,SE,Elantra Coupe,automatic,KMHDH6AE8DU000216,CA,43.0,11809,Black,Black,hyundai motor america/co car,14600,16100,2014-12-16,Tuesday
2013,Hyundai,Sonata Hybrid,Limited,Sedan,automatic,KMHEC4A41DA089739,CA,47.0,8595,Silver,Gray,hyundai motor america/co car,19100,18500,2014-12-16,Tuesday
2013,Hyundai,Accent,GS,Hatchback,automatic,KMHCT5AE4DU128991,CA,46.0,9927,Black,Black,hyundai motor america/co car,10800,11300,2014-12-16,Tuesday
2013,Hyundai,Elantra,GLS,Sedan,automatic,5NPDH4AE4DH388614,CA,1.0,25960,Gray,Gray,enterprise vehicle exchange / tra / rental / tulsa,12100,8800,2014-12-16,Tuesday
2013,Hyundai,Azera,Base,Sedan,automatic,KMHFG4JGXDA201053,CA,45.0,34566,Silver,Black,hyundai motor america/co car,20000,20300,2014-12-16,Tuesday
2013,Hyundai,Santa Fe,Sport 2.0T,Suv,automatic,5XYZWDLA8DG094937,CA,5.0,10747,Black,Black,hyundai motor america/co car,19850,25800,2014-12-16,Tuesday
2013,Hyundai,Elantra,GLS,Sedan,automatic,5NPDH4AE0DH320214,CA,1.0,42798,Gray,Gray,fox rent a car tra,11100,7600,2014-12-16,Tuesday
2013,Hyundai,Sonata Hybrid,Base,Sedan,automatic,KMHEC4A46DA091339,CA,44.0,16684,White,Tan,hyundai motor america/co car,14900,14800,2014-12-16,Tuesday
2013,Hyundai,Tucson,GLS,Suv,automatic,KM8JU3AC4DU587297,CA,42.0,19109,Red,Black,hyundai motor america/co car,16450,17500,2014-12-16,Tuesday
2013,Hyundai,Elantra,Limited,Sedan,automatic,KMHDH4AE2DU972303,CA,48.0,10564,Black,Gray,hyundai motor america/co car,15350,16500,2014-12-16,Tuesday
2013,Hyundai,Azera,Base,Sedan,automatic,KMHFG4JG8DA325905,CA,47.0,16132,Black,Black,hyundai motor america/co car,21200,21400,2014-12-16,Tuesday
2013,Hyundai,Sonata Hybrid,Limited,Sedan,automatic,KMHEC4A49DA092260,CA,42.0,17831,White,Beige,hyundai motor america/co car,17750,18200,2014-12-16,Tuesday
2013,Hyundai,Azera,Base,Sedan,automatic,KMHFH4JG7DA330493,CA,43.0,19152,Silver,Beige,hyundai motor america/co car,21000,22200,2014-12-16,Tuesday
2013,Hyundai,Genesis,5.0 R-Spec,Sedan,automatic,KMHGC4DH8DU258211,CA,39.0,12154,White,Black,hyundai motor america/co car,27900,27500,2014-12-16,Tuesday
2013,Hyundai,Equus,Ultimate,Sedan,automatic,KMHGH4JH3DU064689,CA,43.0,11566,White,Beige,hyundai buybacks,36800,25000,2014-12-16,Tuesday
2013,Hyundai,Elantra,GLS,Sedan,automatic,5NPDH4AE7DH327127,CA,2.0,29006,Gray,Gray,enterprise vehicle exchange / tra / rental / tulsa,11900,8700,2014-12-16,Tuesday
2013,Hyundai,Elantra,GLS,Sedan,automatic,KMHDH4AE7DU946909,CA,48.0,8559,Red,Beige,hyundai buybacks,13150,10800,2014-12-16,Tuesday
2013,Hyundai,Veloster,Turbo,Hatchback,automatic,KMHTC6AE3DU146243,CA,42.0,8467,Black,Black,hyundai motor america/co car,15050,16300,2014-12-16,Tuesday
2013,Hyundai,Sonata Hybrid,Base,Sedan,automatic,KMHEC4A4XDA091084,CA,44.0,9539,Silver,Gray,hyundai motor america/co car,15450,14900,2014-12-16,Tuesday
2013,Hyundai,Sonata,GLS,Sedan,automatic,5NPEB4AC3DH722331,CA,2.0,44135,Gray,Gray,fox rent a car tra,11650,8400,2014-12-16,Tuesday
2013,Hyundai,Azera,Base,Sedan,automatic,KMHFH4JG5DA257916,CA,36.0,6552,Black,Black,hyundai motor america/co car,21800,21400,2014-12-16,Tuesday
2013,Hyundai,Sonata Hybrid,Limited,Sedan,automatic,KMHEC4A4XDA091246,CA,43.0,22143,Red,Beige,hyundai motor america/co car,17150,17100,2014-12-16,Tuesday
2013,Hyundai,Accent,GLS,Sedan,automatic,KMHCT4AE6DU523099,CA,2.0,33078,White,Beige,enterprise vehicle exchange / tra / rental / tulsa,9675,7800,2014-12-16,Tuesday
2013,Hyundai,Accent,SE,Hatchback,automatic,KMHCU5AE2DU138898,CA,49.0,6747,Gray,Black,hyundai motor america/co car,11300,11900,2014-12-16,Tuesday
2013,Hyundai,Genesis,3.8,Sedan,automatic,KMHGC4DD2DU221961,CA,46.0,20952,Silver,Black,hyundai motor america/co car,18650,22200,2014-12-16,Tuesday
2013,Hyundai,Santa Fe,Sport 2.0T,Suv,automatic,5XYZU3LAXDG105372,CA,46.0,15758,Gray,Black,hyundai motor america/co car,21600,21400,2014-12-16,Tuesday
2013,Hyundai,Elantra,GLS,Sedan,automatic,KMHDH4AE4DU797598,CA,24.0,35963,Black,Gray,hyundai motor finance,11500,11500,2014-12-16,Tuesday
2013,Hyundai,Genesis,3.8,Sedan,automatic,KMHGC4DD0DU214801,CA,3.0,19893,White,Beige,remarketing by ge/film vehicle services,18800,22500,2014-12-16,Tuesday
2013,Hyundai,Elantra,GLS,Sedan,automatic,5NPDH4AE9DH243696,CA,44.0,19035,Gray,Gray,hyundai motor america/co car,12500,12600,2014-12-16,Tuesday
2013,Hyundai,Santa Fe,Sport 2.0T,Suv,automatic,5XYZWDLA5DG083054,CA,45.0,14076,Gray,Black,hyundai motor america/co car,19800,25500,2014-12-16,Tuesday
2013,Hyundai,Accent,SE,Hatchback,automatic,KMHCU5AE3DU079747,CA,46.0,27387,Silver,Black,hyundai motor america/co car,9950,11400,2014-12-16,Tuesday
2013,Hyundai,Sonata Hybrid,Base,Sedan,automatic,KMHEC4A46DA093060,CA,49.0,8495,White,Beige,hyundai motor america/co car,15500,16100,2014-12-16,Tuesday
2013,Hyundai,Sonata,GLS,Sedan,automatic,5NPEB4ACXDH740633,CA,43.0,22033,Silver,Gray,hyundai motor finance,13050,13700,2014-12-16,Tuesday
2013,Hyundai,Veloster,Base,Hatchback,automatic,KMHTC6AD7DU089181,CA,48.0,27532,Yellow,Black,hyundai buybacks,13100,11300,2014-12-16,Tuesday
2013,Hyundai,Elantra,GLS,Sedan,automatic,5NPDH4AE7DH345708,CA,2.0,33158,Gray,Beige,enterprise vehicle exchange / tra / rental / tulsa,11650,9400,2014-12-16,Tuesday
2013,Hyundai,Sonata,GLS,Sedan,automatic,5NPEB4AC2DH745910,CA,2.0,35518,Red,Beige,enterprise vehicle exchange / tra / rental / tulsa,12200,10700,2014-12-16,Tuesday
2013,Hyundai,Santa Fe,Limited,Suv,automatic,KM8SR4HF1DU031590,CA,5.0,15160,Blue,Gray,hyundai buybacks,23100,22200,2014-12-16,Tuesday
2013,Hyundai,Genesis Coupe,3.8 Track,Genesis Coupe,automatic,KMHHU6KJ0DU110296,CA,48.0,12730,Red,Black,hyundai motor america/co car,21400,23000,2014-12-16,Tuesday
2013,Hyundai,Sonata Hybrid,Limited,Sedan,automatic,KMHEC4A48DA091908,CA,47.0,11798,Black,Gray,hyundai motor america/co car,18650,18400,2014-12-16,Tuesday
2013,Hyundai,Genesis,5.0 R-Spec,Sedan,automatic,KMHGC4DH6DU220492,CA,44.0,35995,Silver,Black,hyundai motor america/co car,25900,27200,2014-12-16,Tuesday
2013,Hyundai,Tucson,Limited,Suv,automatic,KM8JU3AC6DU590752,CA,44.0,32413,White,Beige,hyundai motor america/co car,16150,17500,2014-12-16,Tuesday
2013,Hyundai,Sonata Hybrid,Limited,Sedan,automatic,KMHEC4A46DA099621,CA,5.0,20,Silver,Gray,hyundai motor america/co car,20300,19900,2014-12-16,Tuesday
2013,Hyundai,Elantra,GLS,Sedan,automatic,KMHDH4AEXDU731797,CA,4.0,21579,Black,Gray,hyundai motor finance,12350,12600,2014-12-16,Tuesday
2013,Hyundai,Sonata Hybrid,Limited,Sedan,automatic,KMHEC4A40DA092843,CA,45.0,13162,Black,Gray,hyundai motor america/co car,18450,18600,2014-12-16,Tuesday
2013,Hyundai,Elantra,Limited,Sedan,automatic,5NPDH4AE7DH225536,CA,37.0,13871,White,Black,hyundai motor america/co car,15100,15900,2014-12-16,Tuesday
2013,Hyundai,Genesis,3.8,Sedan,automatic,KMHGC4DD7DU226203,CA,43.0,11041,Black,Beige,hyundai motor finance,19800,12500,2014-12-16,Tuesday
2013,Hyundai,Santa Fe,Sport 2.0T,Suv,automatic,5XYZU3LA5DG079070,CA,5.0,66,Silver,Black,hyundai motor america/co car,23100,20800,2014-12-16,Tuesday
2013,Hyundai,Sonata,SE,Sedan,automatic,5NPEC4AC9DH600084,CA,48.0,10241,Blue,Gray,hyundai motor america/co car,15100,16900,2014-12-16,Tuesday
2013,Hyundai,Elantra,GLS,Sedan,automatic,5NPDH4AEXDH317398,CA,1.0,41710,Gray,Gray,enterprise vehicle exchange / tra / rental / tulsa,11150,7700,2014-12-16,Tuesday
2013,Nissan,Altima,2.5,Sedan,automatic,1N4AL3AP6DC903319,CA,2.0,38766,Black,Black,enterprise vehicle exchange / tra / rental / tulsa,12850,12100,2014-12-16,Tuesday
2013,Kia,Optima,LX,Sedan,automatic,5XXGM4A72DG248132,CA,22.0,14061,Black,Gray,kia motors finance,14150,11700,2014-12-16,Tuesday
2013,Kia,Soul,Base,Wagon,manual,KNDJT2A54D7539154,CA,1.0,11699,Silver,Black,kia motors finance,11400,6900,2014-12-16,Tuesday
2013,Kia,Optima,SX,Sedan,automatic,5XXGR4A68DG228640,CA,42.0,14012,Black,Black,kia motors finance,22200,22200,2014-12-16,Tuesday
2013,Kia,Rio,SX,Hatchback,manual,KNADN5A32D6147221,CA,46.0,4668,Red,Black,kia motors finance,14050,14200,2014-12-16,Tuesday
2013,Kia,Soul,+,Wagon,manual,KNDJT2A64D7494239,CA,2.0,59886,Black,Black,hyundai motor finance,10200,7000,2014-12-16,Tuesday
2013,Kia,Rio,LX,Hatchback,automatic,KNADM5A38D6292461,CA,2.0,4850,Red,Black,kia motors finance,10650,6300,2014-12-16,Tuesday
2013,Kia,Optima,LX,Sedan,automatic,5XXGM4A70DG226694,CA,48.0,8177,Silver,Gray,kia motors finance,14450,15300,2014-12-16,Tuesday
2013,Kia,Optima,LX,Sedan,automatic,KNAGM4A75D5442817,CA,42.0,13929,White,Beige,kia motors finance,14150,14300,2014-12-16,Tuesday
2013,Kia,Optima,SX,Sedan,automatic,5XXGR4A61DG178423,CA,36.0,11238,Gray,Black,kia motors finance,22400,23000,2014-12-16,Tuesday
2013,Kia,Forte,EX,Sedan,automatic,KNAFU4A20D5658140,CA,37.0,33980,Gray,Gray,kia motors finance,10200,10400,2014-12-16,Tuesday
2013,Volkswagen,Passat,SE PZEV,Sedan,automatic,1VWBP7A36DC103091,CA,1.0,22907,White,Black,vw credit,14450,8000,2014-12-16,Tuesday
2013,Toyota,Corolla,LE,Sedan,automatic,5YFBU4EE5DP216754,CA,1.0,34915,Black,Gray,enterprise vehicle exchange / tra / rental / tulsa,11400,9200,2014-12-16,Tuesday
2015,Kia,Sorento,LX,Suv,automatic,5XYKTCA69FG566472,CA,5.0,16639,White,Black,kia motors america  inc,20500,21500,2014-12-16,Tuesday
2015,Kia,Sorento,LX,Suv,automatic,5XYKTCA69FG561319,CA,5.0,9393,White,Beige,kia motors america  inc,20800,21500,2014-12-16,Tuesday
2014,Audi,A6,3.0T Prestige quattro,Sedan,automatic,WAUHGAFC0EN062916,CA,48.0,14414,Black,Black,desert auto trade,47300,49750,2014-12-16,Tuesday
2015,Kia,Sorento,LX,Suv,automatic,5XYKTCA66FG561407,CA,5.0,14634,Silver,Black,kia motors america  inc,20600,21500,2014-12-16,Tuesday
2015,Kia,Sorento,LX,Suv,automatic,5XYKTCA60FG565226,CA,5.0,13757,Red,Black,kia motors america  inc,20600,20750,2014-12-16,Tuesday
2015,Kia,Sorento,LX,Suv,automatic,5XYKTCA68FG559481,CA,44.0,12862,Gray,Black,kia motors america  inc,20700,21000,2014-12-16,Tuesday
2015,Kia,Sorento,LX,Suv,automatic,5XYKTCA67FG570973,CA,5.0,13878,Silver,Black,kia motors america  inc,20600,20750,2014-12-16,Tuesday
2015,Kia,Sorento,LX,Suv,automatic,5XYKTCA63FG570727,CA,48.0,10357,Silver,Gray,kia motors america  inc,20700,20500,2014-12-16,Tuesday
2015,Kia,Sorento,LX,Suv,automatic,5XYKTCA6XFG560888,CA,5.0,14176,White,Black,kia motors america  inc,20600,21250,2014-12-16,Tuesday
2014,Bmw,6 Series Gran Coupe,650i,Sedan,automatic,WBA6B2C53ED128866,CA,29.0,37752,White,Black,financial services remarketing (lease),62000,58000,2014-12-16,Tuesday
2015,Kia,Sorento,LX,Suv,automatic,5XYKTCA68FG570979,CA,44.0,9161,Silver,Black,kia motors america  inc,20800,22250,2014-12-16,Tuesday
2015,Kia,Sorento,LX,Suv,automatic,5XYKTCA65FG571619,CA,5.0,11001,White,Black,kia motors america  inc,20700,22500,2014-12-16,Tuesday
2014,Bmw,4 Series,428i SULEV,Coupe,automatic,WBA3N7C55EF719079,CA,37.0,18152,White,Black,street smartz auto sales corporation,31000,39750,2014-12-16,Tuesday
2015,Kia,Sorento,LX,Suv,automatic,5XYKTCA64FG570963,CA,46.0,13452,Silver,Black,kia motors america  inc,20600,21500,2014-12-16,Tuesday
2015,Kia,Sorento,LX,Suv,automatic,5XYKTCA60FG563086,CA,5.0,16348,Gray,Gray,kia motors america  inc,20500,20500,2014-12-16,Tuesday
2015,Kia,Sorento,LX,Suv,automatic,5XYKTCA67FG567068,CA,49.0,9552,Burgundy,Beige,kia motors america  inc,20800,21000,2014-12-16,Tuesday
2014,Chevrolet,Camaro,LS,Coupe,manual,2G1FE1E34E9190976,CA,44.0,7924,White,Black,tdaf remarketing,17850,18500,2014-12-16,Tuesday
2015,Kia,Sorento,LX,Suv,automatic,5XYKTCA64FG570672,CA,49.0,13711,White,Black,kia motors america  inc,20600,21750,2014-12-16,Tuesday
2015,Kia,Sorento,LX,Suv,automatic,5XYKTCA60FG570829,CA,5.0,10615,Burgundy,Black,kia motors america  inc,20700,20500,2014-12-16,Tuesday
2015,Kia,Sorento,LX,Suv,automatic,5XYKTCA61FG560973,CA,48.0,13031,Purple,Black,kia motors america  inc,20600,20750,2014-12-16,Tuesday
2015,Kia,Sorento,LX,Suv,automatic,5XYKTCA61FG566806,CA,48.0,16611,Gray,Black,kia motors america  inc,20500,20750,2014-12-16,Tuesday
2013,Hyundai,Elantra,GLS,Sedan,automatic,5NPDH4AE4DH327134,CA,35.0,36307,Gray,Gray,enterprise vehicle exchange/orange,11500,11700,2014-12-16,Tuesday
2013,Infiniti,G Sedan,G37 Journey,G Sedan,automatic,JN1CV6APXDM713003,CA,25.0,10929,White,Gray,nissan infiniti lt,24700,21000,2014-12-16,Tuesday
2013,Hyundai,Elantra,GLS,Sedan,automatic,5NPDH4AE0DH335103,CA,35.0,37759,Beige,Beige,avis corporation,11400,11800,2014-12-16,Tuesday
2013,Hyundai,Accent,GLS,Sedan,automatic,KMHCT4AE3DU421257,CA,36.0,41841,Gray,Beige,dtg operations inc,9425,9400,2014-12-16,Tuesday
2013,Infiniti,G Sedan,G37 Journey,G Sedan,automatic,JN1CV6AP3DM711108,CA,19.0,18420,Gray,Beige,nissan infiniti lt,23700,18250,2014-12-16,Tuesday
2013,Infiniti,G Coupe,G37 Sport,G Coupe,automatic,JN1CV6EK1DM921866,CA,26.0,12735,Black,Black,nissan infiniti lt,26300,22500,2014-12-16,Tuesday
2013,Hyundai,Sonata,GLS,Sedan,automatic,5NPEB4AC9DH760050,CA,38.0,34745,White,Tan,avis corporation,12250,12700,2014-12-16,Tuesday
2013,Infiniti,G Sedan,G37 Journey,G Sedan,automatic,JN1CV6AP5DM713782,CA,27.0,26792,Gray,Gray,nissan infiniti lt,22600,18000,2014-12-16,Tuesday
2013,Hyundai,Elantra,GLS,Sedan,automatic,5NPDH4AE0DH344075,CA,44.0,38170,Gray,Beige,enterprise vehicle exchange/orange,11350,11600,2014-12-16,Tuesday
2013,Hyundai,Elantra,GLS,Sedan,automatic,5NPDH4AE8DH375848,CA,38.0,38594,Gray,Gray,avis corporation,11350,11800,2014-12-16,Tuesday
2013,Hyundai,Sonata,GLS,Sedan,automatic,5NPEB4AC7DH680813,CA,38.0,40322,Silver,Gray,avis corporation,11900,12300,2014-12-16,Tuesday
2013,Hyundai,Elantra,GLS,Sedan,automatic,5NPDH4AE5DH363852,CA,35.0,38388,Gray,Gray,enterprise vehicle exchange/orange,11350,11700,2014-12-16,Tuesday
2013,Hyundai,Sonata,GLS,Sedan,automatic,5NPEB4ACXDH745962,CA,25.0,40045,White,Beige,avis corporation,11900,12300,2014-12-16,Tuesday
2013,Hyundai,Sonata,GLS,Sedan,automatic,5NPEB4AC3DH734477,CA,33.0,37499,Blue,Gray,avis corporation,12050,12400,2014-12-16,Tuesday
2013,Infiniti,G Coupe,G37 Sport,G Coupe,automatic,JN1CV6EK0DM921180,CA,45.0,16219,Gray,Black,nissan infiniti lt,25700,26500,2014-12-16,Tuesday
2013,Jeep,Wrangler,Unlimited Rubicon,Suv,manual,1C4BJWFG4DL585036,CA,47.0,9153,Red,Gray,clear view systems,34300,35250,2014-12-16,Tuesday
2013,Kia,Optima,EX Hybrid,Sedan,automatic,KNAGM4AD1D5057809,CA,44.0,16045,White,Beige,kia motors america  inc,16000,16800,2014-12-16,Tuesday
2013,Nissan,Altima,2.5,Sedan,automatic,1N4AL3AP3DN535427,CA,36.0,37136,Red,Beige,avis corporation,12900,13800,2014-12-16,Tuesday
2013,Nissan,Altima,2.5,Sedan,automatic,1N4AL3AP4DN454940,CA,32.0,62381,Black,Black,the hertz corporation,11700,11900,2014-12-16,Tuesday
2013,Kia,Optima,EX Hybrid,Sedan,automatic,KNAGM4AD9D5054379,CA,46.0,11757,Black,Black,kia motors america  inc,16050,16500,2014-12-16,Tuesday
2013,Nissan,Altima,2.5,Sedan,automatic,1N4AL3AP9DC280391,CA,43.0,38974,Silver,Black,enterprise vehicle exchange/orange,12800,13600,2014-12-16,Tuesday
2013,Nissan,Altima,2.5,Sedan,automatic,1N4AL3AP5DC205039,CA,4.0,37020,Red,Black,enterprise vehicle exchange/orange,13400,13600,2014-12-16,Tuesday
2013,Mazda,Mazda2,Touring,Hatchback,automatic,JM1DE1LZ0D0160159,CA,35.0,44392,Red,Black,the hertz corporation,8475,8500,2014-12-16,Tuesday
2013,Kia,Optima,EX Hybrid,Sedan,automatic,KNAGM4AD6D5055554,CA,42.0,19543,Black,Gray,kia motors america  inc,15900,16100,2014-12-16,Tuesday
2013,Nissan,370Z,Base,Convertible,automatic,JN1AZ4FH8DM790096,CA,43.0,445,Silver,Black,nissan north america inc.,29800,28750,2014-12-16,Tuesday
2013,Kia,Sorento,LX,Suv,automatic,5XYKTDA2XDG322880,CA,44.0,48050,Silver,Gray,kia motors america  inc -lemon law buybacks,15700,12750,2014-12-16,Tuesday
2013,Nissan,Altima,2.5,Sedan,automatic,1N4AL3AP0DN511313,CA,35.0,38688,Red,Black,avis corporation,12850,13500,2014-12-16,Tuesday
2013,Nissan,Altima,2.5,Sedan,automatic,1N4AL3AP2DN571447,CA,33.0,40931,Charcoal,Black,enterprise vehicle exchange/orange,12750,13500,2014-12-16,Tuesday
2013,Nissan,370Z,Base,Coupe,automatic,JN1AZ4EH8DM881810,CA,38.0,10506,Black,Black,nissan north america inc.,23600,21500,2014-12-16,Tuesday
2013,Nissan,Altima,2.5 S,Coupe,automatic,1N4AL2EP0DC290165,CA,44.0,10510,Gray,Black,team nissan,15650,15500,2014-12-16,Tuesday
2013,Mazda,Mazda3,i Touring,Sedan,automatic,JM1BL1VP7D1768022,CA,3.0,47917,Black,Black,south bay hyundai,9100,9600,2014-12-16,Tuesday
2013,Mazda,Mazda5,Touring,Minivan,automatic,JM1CW2CL1D0150492,CA,35.0,39272,Red,Gray,avis corporation,11300,12400,2014-12-16,Tuesday
2013,Mazda,Mazda3,i Sport,Sedan,automatic,JM1BL1UPXD1794194,CA,2.0,45649,Black,Black,jpmorgan chase bank n.a.,10250,10000,2014-12-16,Tuesday
2013,Mazda,Cx-9,Touring,Suv,automatic,JM3TB2CV0D0411079,CA,29.0,41807,Gray,Black,avis corporation,18850,19900,2014-12-16,Tuesday
2013,Kia,Optima,EX Hybrid,Sedan,automatic,KNAGM4AD4D5057867,CA,49.0,19078,White,Gray,kia motors america  inc,15950,16500,2014-12-16,Tuesday
2013,Mazda,Mazda5,Sport,Minivan,automatic,JM1CW2BL1D0154950,CA,29.0,40275,Gray,Black,enterprise vehicle exchange/orange,12050,12200,2014-12-16,Tuesday
2013,Kia,Rio,LX,Sedan,manual,KNADM4A35D6233930,CA,19.0,22658,White,Beige,tdaf remarketing,9225,5500,2014-12-16,Tuesday
2013,Kia,Optima,EX Hybrid,Sedan,automatic,KNAGM4AD0D5055811,CA,44.0,18554,Gray,Black,kia motors america  inc,15950,15700,2014-12-16,Tuesday
2013,Jeep,Grand Cherokee,Limited,Suv,automatic,1C4RJEBG1DC636460,CA,43.0,39566,Black,Black,avis corporation,25200,26750,2014-12-16,Tuesday
2013,Kia,Optima,EX Hybrid,Sedan,automatic,KNAGM4AD1D5055882,CA,41.0,21258,White,Beige,kia motors america  inc,15900,16400,2014-12-16,Tuesday
2013,Kia,Optima,EX Hybrid,Sedan,automatic,KNAGM4AD0D5057798,CA,44.0,20984,White,Black,kia motors america  inc,15900,16500,2014-12-16,Tuesday
2013,Mazda,Mazda5,Sport,Minivan,automatic,JM1CW2BL6D0159321,CA,45.0,7787,White,Beige,tycon enterprises,14200,14000,2014-12-16,Tuesday
2013,Mercedes-Benz,C-Class,C250 Sport,Sedan,automatic,WDDGF4HB0DR255362,CA,43.0,23615,White,Black,hoehn motors inc,22600,22250,2014-12-16,Tuesday
2013,Nissan,Altima,2.5,Sedan,automatic,1N4AL3AP0DC283888,CA,4.0,39159,Silver,Black,enterprise vehicle exchange/orange,12800,13500,2014-12-16,Tuesday
2013,Nissan,Altima,2.5,Sedan,automatic,1N4AL3AP8DN508594,CA,4.0,37182,Gray,Black,avis corporation,12900,13300,2014-12-16,Tuesday
2013,Kia,Optima,EX Hybrid,Sedan,automatic,KNAGM4AD8D5056639,CA,43.0,21642,White,Black,kia motors america  inc,15900,16600,2014-12-16,Tuesday
2013,Kia,Sportage,LX,Suv,automatic,KNDPB3A28D7450308,CA,46.0,32685,Blue,Black,kia motors america  inc,14000,15250,2014-12-16,Tuesday
2013,Kia,Sorento,EX,Suv,automatic,5XYKU3A23DG334585,CA,33.0,71662,Black,Beige,kia of cerritos,14050,14000,2014-12-16,Tuesday
2013,Kia,Sorento,LX,Suv,automatic,5XYKT4A22DG332853,CA,43.0,28790,Blue,Black,kia motors america  inc -lemon law buybacks,16800,13500,2014-12-16,Tuesday
2013,Infiniti,G Sedan,G37x,G Sedan,automatic,JN1CV6AR7DM351570,CA,29.0,42887,Black,Black,the hertz corporation,21300,19900,2014-12-16,Tuesday
2013,Mazda,Mazda3,i Sport,Sedan,automatic,JM1BL1UP7D1731716,CA,38.0,39573,Blue,Black,avis corporation,10650,11800,2014-12-16,Tuesday
2013,Infiniti,G Sedan,G37 Journey,G Sedan,automatic,JN1CV6AP3DM720746,CA,24.0,42547,Black,Black,nissan infiniti lt,20500,17250,2014-12-16,Tuesday
2013,Lexus,Rx 350,Base,Suv,automatic,2T2BK1BA8DC191589,CA,46.0,21932,Burgundy,Black,desert auto trade,36200,37750,2014-12-16,Tuesday
2013,Mazda,Mazda5,Sport,Minivan,automatic,JM1CW2BL0D0149559,CA,44.0,14818,Black,Black,jpmorgan chase bank n.a.,13850,15000,2014-12-16,Tuesday
2013,Mercedes-Benz,C-Class,C250 Sport,Sedan,automatic,WDDGF4HB8DR256694,CA,43.0,23941,Black,Gray,hoehn motors inc,22600,21750,2014-12-16,Tuesday
2013,Nissan,Altima,2.5,Sedan,automatic,1N4AL3AP3DC208697,CA,41.0,21968,White,Beige,nissan dealer blend/ross nissan of el monte,13650,13750,2014-12-16,Tuesday
2013,Lexus,Es 350,Base,Sedan,automatic,JTHBK1GG3D2061489,CA,36.0,20880,Gray,Beige,enterprise vehicle exchange/orange,29400,29300,2014-12-16,Tuesday
2013,Volvo,Xc60,3.2,Suv,automatic,YV4940DL7D2432124,CA,43.0,34933,White,Black,avis corporation,21200,22900,2014-12-16,Tuesday
2013,Toyota,Sienna,LE 7-Passenger Mobility Auto Access,Minivan,automatic,5TDKK3DC4DS344460,CA,35.0,49188,Gray,Tan,the hertz corporation,17150,18000,2014-12-16,Tuesday
2014,Chevrolet,Cruze,1LT,Sedan,automatic,1G1PC5SB2E7128460,CA,2.0,28617,Black,Black,enterprise vehicle exchange / tra / rental / tulsa,11900,9800,2014-12-16,Tuesday
2014,Chevrolet,Camaro,LT,Coupe,automatic,2G1FB1E31E9248986,CA,1.0,20595,Red,Gray,enterprise vehicle exchange / tra / rental / tulsa,20800,13600,2014-12-16,Tuesday
2014,Chevrolet,Cruze,2LT,Sedan,automatic,1G1PE5SB3E7406616,CA,1.0,10673,Red,Black,enterprise vehicle exchange / tra / rental / tulsa,14150,3300,2014-12-16,Tuesday
2013,Hyundai,Sonata,GLS,Sedan,automatic,5NPEB4AC5DH682009,CA,1.0,48510,White,Tan,hertz/tra,11350,6500,2014-12-16,Tuesday
2013,Hyundai,Accent,GLS,Sedan,automatic,KMHCT4AE4DU422188,CA,2.0,35828,Gold,Beige,enterprise vehicle exchange / tra / rental / tulsa,9600,6700,2014-12-16,Tuesday
2013,Kia,Optima,EX,Sedan,automatic,5XXGN4A7XDG106558,CA,2.0,24614,Burgundy,Beige,kia motors finance,16200,10600,2014-12-16,Tuesday
2013,Kia,Soul,+,Wagon,automatic,KNDJT2A68D7570612,CA,3.0,39476,Black,Black,dollar thrifty damage liquidation,11400,6000,2014-12-16,Tuesday
2013,Hyundai,Elantra,GLS,Sedan,automatic,5NPDH4AE0DH356789,CA,45.0,26412,Black,Beige,aaero sweet company,12050,11750,2014-12-17,Wednesday
2013,Hyundai,Sonata,GLS,Sedan,automatic,5NPEB4AC8DH687043,CA,28.0,32387,Silver,Gray,skyhigh remarketing inc,12400,9750,2014-12-17,Wednesday
2013,Kia,Optima,SX,Sedan,automatic,5XXGR4A65DG171118,CA,44.0,24131,Black,Black,high bid trading co inc,21200,21250,2014-12-17,Wednesday
2013,Kia,Sorento,SX,Suv,automatic,5XYKW4A26DG339716,CA,47.0,20209,Burgundy,Black,high bid trading co inc,21700,21500,2014-12-17,Wednesday
2014,Bmw,M5,Base,Sedan,automatic,WBSFV9C51ED593089,CA,34.0,14943,Black,Black,the hertz corporation,69000,65000,2014-12-17,Wednesday
2014,Bmw,6 Series,650i,Convertible,automatic,WBAYP9C53ED169260,CA,34.0,8819,Black,Black,the hertz corporation,68000,67200,2014-12-17,Wednesday
2014,Bmw,6 Series Gran Coupe,650i,Sedan,automatic,WBA6B2C51ED129563,CA,42.0,7305,White,Black,the hertz corporation,65000,66100,2014-12-17,Wednesday
2015,Nissan,Versa,1.6 SL,Sedan,manual,3N1CN7AP7FL842707,CA,39.0,1608,Purple,Black,nissan-infiniti lt,10900,11000,2014-12-17,Wednesday
2014,Chevrolet,Cruze,2LT,Sedan,automatic,1G1PE5SB5E7115504,CA,41.0,37938,Black,Black,avis rac/san leandro,12950,13700,2014-12-17,Wednesday
2015,Hyundai,Elantra,SE,Sedan,automatic,5NPDH4AE4FH552981,CA,35.0,3367,Silver,Gray,ag leaseplan,13900,13200,2014-12-17,Wednesday
2014,Bmw,6 Series,650i,Convertible,automatic,WBAYP9C53ED169288,CA,37.0,8891,Silver,Black,the hertz corporation,68000,67200,2014-12-17,Wednesday
2014,Chevrolet,Silverado 1500,LT,Crew Cab,automatic,3GCPCRECXEG363552,CA,37.0,6726,Black,Black,repo remarketing/visterra credit union,26900,30250,2014-12-17,Wednesday
2014,Chevrolet,Cruze,2LT,Sedan,automatic,1G1PE5SB4E7109323,CA,37.0,36771,Silver,Black,avis rac/san leandro,13000,13600,2014-12-17,Wednesday
2013,Infiniti,G Sedan,G37 Journey,G Sedan,automatic,JN1CV6AP4DM712848,CA,41.0,25859,Blue,Black,infiniti financial services,22700,21750,2014-12-17,Wednesday
2013,Hyundai,Elantra,GLS,Sedan,automatic,5NPDH4AE8DH348469,CA,44.0,39935,Silver,Gray,enterprise vehicle exchange/orange,11250,11000,2014-12-17,Wednesday
2013,Hyundai,Sonata,GLS,Sedan,automatic,5NPEB4AC9DH691294,CA,43.0,54830,Silver,Gray,avis rac/san leandro,10950,11500,2014-12-17,Wednesday
2013,Hyundai,Sonata,GLS,Sedan,automatic,5NPEB4AC4DH712021,CA,39.0,36416,Blue,Gray,enterprise vehicle exchange/orange,12150,11400,2014-12-17,Wednesday
2013,Hyundai,Sonata,GLS,Sedan,automatic,5NPEB4AC5DH771160,CA,36.0,28231,Gray,Gray,gm financial,12650,13400,2014-12-17,Wednesday
2013,Infiniti,G Sedan,G37 Journey,G Sedan,automatic,JN1CV6APXDM715446,CA,45.0,24971,Gray,Black,nissan infiniti lt,22900,21250,2014-12-17,Wednesday
2013,Hyundai,Elantra,Limited,Sedan,automatic,5NPDH4AE0DH358462,CA,45.0,37290,White,Beige,enterprise vehicle exchange/orange,11400,11000,2014-12-17,Wednesday
2013,Hyundai,Sonata,GLS,Sedan,automatic,5NPEB4AC5DH743407,CA,37.0,36194,Silver,Gray,avis rac/san leandro,12150,13200,2014-12-17,Wednesday
2013,Infiniti,G Sedan,G37 Journey,G Sedan,automatic,JN1CV6AP5DM715158,CA,21.0,23507,Gray,Black,nissan infiniti lt,23000,21000,2014-12-17,Wednesday
2013,Infiniti,G Sedan,G37 Journey,G Sedan,automatic,JN1CV6AP0DM712524,CA,44.0,19551,White,Black,nissan infiniti lt,23300,25000,2014-12-17,Wednesday
2013,Infiniti,G Sedan,G37 Journey,G Sedan,automatic,JN1CV6APXDM712482,CA,44.0,23156,White,Black,nissan infiniti lt,23100,23000,2014-12-17,Wednesday
2013,Infiniti,G Coupe,G37 Sport,G Coupe,automatic,JN1CV6EK9DM921386,CA,48.0,13661,Gray,Black,nissan infiniti lt,26100,26500,2014-12-17,Wednesday
2013,Infiniti,G Sedan,G37 Journey,G Sedan,automatic,JN1CV6APXDM717651,CA,44.0,17916,Blue,Black,nissan infiniti lt,23800,24750,2014-12-17,Wednesday
2013,Infiniti,G Sedan,G37 Journey,G Sedan,automatic,JN1CV6AP0DM714760,CA,45.0,9373,Black,Black,nissan infiniti lt,24900,26250,2014-12-17,Wednesday
2013,Hyundai,Sonata,GLS,Sedan,automatic,5NPEB4AC6DH743092,CA,44.0,36991,White,Beige,avis rac/san leandro,12100,13400,2014-12-17,Wednesday
2013,Infiniti,G Sedan,G37 Journey,G Sedan,automatic,JN1CV6AP2DM714338,CA,42.0,20408,Gray,Black,nissan infiniti lt,23500,24000,2014-12-17,Wednesday
2013,Lexus,Gs 350,Base,Sedan,automatic,JTHBE1BL9D5002103,CA,36.0,39590,White,White,lexus financial services,32100,32100,2014-12-17,Wednesday
2013,Nissan,Altima,2.5,Sedan,automatic,1N4AL3AP2DC275940,CA,44.0,44303,Silver,Black,enterprise vehicle exchange/orange,12550,13000,2014-12-17,Wednesday
2013,Infiniti,G Sedan,G37 Journey,G Sedan,automatic,JN1CV6AP5DM715922,CA,36.0,36931,Gray,Black,nissan infiniti lt,21300,22250,2014-12-17,Wednesday
2013,Kia,Rio,LX,Sedan,automatic,KNADM4A3XD6124671,CA,28.0,31406,Silver,Black,primeritus remarketing/oregon comm credit,9775,8900,2014-12-17,Wednesday
2013,Mitsubishi,Outlander Sport,LE,Suv,automatic,4A4AR5AU4DE024456,CA,27.0,37713,Blue,Black,avis rac/san leandro,15650,14000,2014-12-17,Wednesday
2013,Mazda,Mazda3,i SV,Sedan,automatic,JM1BL1TG8D1728177,CA,36.0,54715,Gray,Black,california republic bank,9900,10600,2014-12-17,Wednesday
2013,Mini,Cooper Clubman,Base,Hatchback,automatic,WMWZF3C54DT489938,CA,37.0,36498,Green,Beige,avis rac/san leandro,13550,13600,2014-12-17,Wednesday
2013,Nissan,Altima,2.5,Sedan,automatic,1N4AL3AP1DN536852,CA,41.0,39364,Silver,Black,avis corporation,12800,13500,2014-12-17,Wednesday
2013,Infiniti,Jx,JX35,Suv,automatic,5N1AL0MM4DC337764,CA,37.0,37738,Gray,Beige,nissan infiniti lt,32000,32250,2014-12-17,Wednesday
2013,Nissan,Altima,2.5,Sedan,automatic,1N4AL3APXDN538325,CA,35.0,35900,Black,Black,avis rac/san leandro,12950,13500,2014-12-17,Wednesday
2013,Nissan,Altima,2.5,Sedan,automatic,1N4AL3AP4DC259156,CA,38.0,38395,White,Black,merchants automotive group,12850,13100,2014-12-17,Wednesday
2013,Nissan,Altima,2.5,Sedan,automatic,1N4AL3AP5DN450766,CA,45.0,48463,White,Beige,wheels exchange llc,12350,14000,2014-12-17,Wednesday
2013,Infiniti,G Coupe,G37x,G Coupe,automatic,JN1CV6EL5DM980105,CA,35.0,10055,Gray,Black,nissan infiniti lt,26300,27000,2014-12-17,Wednesday
2013,Nissan,Altima,2.5 S,Coupe,automatic,1N4AL2EP2DC219971,CA,35.0,42938,Gray,Black,avis rac/san leandro,12400,13300,2014-12-17,Wednesday
2013,Mini,Cooper,Base,Hatchback,automatic,WMWSU3C59DT548117,CA,35.0,36000,Green,Black,avis rac/san leandro,12750,13700,2014-12-17,Wednesday
2013,Land Rover,Range Rover Evoque,Pure Plus,Suv,automatic,SALVP2BG5DH781072,CA,48.0,25524,Blue,Black,mercedes benz of laguna niguel,35400,35500,2014-12-17,Wednesday
2013,Infiniti,G Sedan,G37 Journey,G Sedan,automatic,JN1CV6AP1DM301617,CA,44.0,48156,Black,Gray,nissan infiniti lt,19800,22250,2014-12-17,Wednesday
2013,Infiniti,G Sedan,G37 Journey,G Sedan,manual,JN1CV6AP9DM300540,CA,43.0,21898,Gray,Black,nissan infiniti lt,25400,26250,2014-12-17,Wednesday
2013,Kia,Sportage,LX,Suv,automatic,KNDPBCA25D7406217,CA,25.0,40331,Gray,Gray,avis rac/san leandro,15050,15200,2014-12-17,Wednesday
2013,Nissan,Altima,2.5,Sedan,automatic,1N4AL3AP5DC259084,CA,36.0,40425,White,White,merchants leasing,13200,12500,2014-12-17,Wednesday
2013,Kia,Optima,LX,Sedan,automatic,5XXGM4A7XDG238335,CA,33.0,26360,Brown,Beige,gm financial,13450,13300,2014-12-17,Wednesday
2013,Lincoln,Mkx,Base,Suv,automatic,2LMDJ8JK9DBL34528,CA,43.0,39459,Burgundy,Tan,avis rac/san leandro,24700,24500,2014-12-17,Wednesday
2013,Nissan,Altima,2.5 S,Coupe,automatic,1N4AL2EP3DC223558,CA,34.0,36975,Red,Black,avis rac/san leandro,13000,13500,2014-12-17,Wednesday
2013,Kia,Optima,LX,Sedan,automatic,5XXGM4A7XDG214617,CA,37.0,35707,Silver,Gray,enterprise veh exchange/rental,12900,13300,2014-12-17,Wednesday
2013,Nissan,Altima,2.5,Sedan,automatic,1N4AL3AP8DC187703,CA,4.0,38666,Silver,Black,avis rac/san leandro,12850,13300,2014-12-17,Wednesday
2013,Nissan,Altima,2.5,Sedan,automatic,1N4AL3AP8DC261914,CA,35.0,45568,Black,Black,merchants leasing,12550,12000,2014-12-17,Wednesday
2013,Mini,Cooper Clubman,Base,Hatchback,automatic,WMWZF3C50DT489905,CA,38.0,36764,White,Black,avis rac/san leandro,13500,14000,2014-12-17,Wednesday
2013,Nissan,Altima,2.5,Sedan,automatic,1N4AL3APXDC256245,CA,38.0,38444,Gray,Black,avis rac/san leandro,12850,13500,2014-12-17,Wednesday
2013,Kia,Rio,LX,Sedan,automatic,KNADM4A31D6173631,CA,3.0,37213,Red,Gray,enterprise veh exchange/rental,8725,9500,2014-12-17,Wednesday
2013,Lexus,Gs 350,Base,Sedan,automatic,JTHBE1BL4D5006057,CA,46.0,22672,Gold,Brown,lexus financial services,34500,34500,2014-12-17,Wednesday
2015,Ford,Fusion,SE,Sedan,automatic,3FA6P0H7XFR151689,CA,1.0,4205,White,Black,enterprise vehicle exchange / tra / rental / tulsa,14700,12000,2014-12-17,Wednesday
2015,Hyundai,Elantra,SE,Sedan,automatic,5NPDH4AE0FH574105,CA,1.0,6759,Blue,Gray,enterprise vehicle exchange / tra / rental / tulsa,13800,5800,2014-12-17,Wednesday
2013,Hyundai,Elantra,GLS,Sedan,automatic,5NPDH4AE4DH385955,CA,1.0,36957,Red,Beige,enterprise vehicle exchange / tra / rental / tulsa,11400,9400,2014-12-17,Wednesday
2013,Hyundai,Sonata,GLS,Sedan,automatic,5NPEB4ACXDH744455,CA,35.0,41888,Gray,Gray,avis corporation,11800,11900,2014-12-18,Thursday
2013,Hyundai,Sonata,GLS,Sedan,automatic,5NPEB4ACXDH752037,CA,37.0,39062,Blue,Gray,avis corporation,12000,12200,2014-12-18,Thursday
2013,Hyundai,Sonata,GLS,Sedan,automatic,5NPEB4AC5DH745416,CA,42.0,40593,White,Beige,enterprise veh exchange/rental,11900,12000,2014-12-18,Thursday
2013,Hyundai,Elantra,GLS,Sedan,automatic,5NPDH4AE1DH345719,CA,46.0,42006,Gray,Beige,enterprise veh exchange/rental,11150,11300,2014-12-18,Thursday
2013,Nissan,Altima,2.5,Sedan,automatic,1N4AL3AP2DC297887,CA,44.0,45685,Gray,Beige,enterprise veh exchange/rental,12550,13200,2014-12-18,Thursday
2013,Mitsubishi,Outlander,SE,Suv,automatic,JA4JT3AW9DU020286,CA,35.0,39473,Gray,Black,avis corporation,14300,14700,2014-12-18,Thursday
2013,Mitsubishi,Outlander,SE,Suv,automatic,JA4JT3AW7DU019962,CA,38.0,36990,Silver,Black,avis corporation,14550,14800,2014-12-18,Thursday
2013,Mazda,Cx-9,Touring,Suv,automatic,JM3TB2CA2D0403904,CA,45.0,40884,Black,Black,avis corporation,18800,19600,2014-12-18,Thursday
2013,Mitsubishi,Outlander,SE,Suv,automatic,JA4JT3AW4DU020776,CA,41.0,40498,Brown,Black,avis corporation,14200,14600,2014-12-18,Thursday
2013,Mitsubishi,Lancer,ES,Sedan,automatic,JA32U2FU2DU019813,CA,28.0,38311,Red,Black,avis corporation,9900,10100,2014-12-18,Thursday
2014,Audi,A4,2.0T Premium Plus quattro,Sedan,automatic,WAUFFAFL3EN030343,CA,42.0,9557,White,Black,audi mission viejo,32100,32250,2014-12-18,Thursday
2014,Chevrolet,Camaro,LT,Coupe,automatic,2G1FB1E35E9238302,CA,42.0,11874,Gray,Black,midway hfc fleet/ars,22200,19500,2014-12-18,Thursday
2014,Audi,S5,Premium Plus quattro,Coupe,automatic,WAUCGAFRXEA001689,CA,38.0,5875,Black,Black,fratelli investment group,46500,44500,2014-12-18,Thursday
2015,Chevrolet,Suburban,LTZ,Suv,automatic,1GNSKKKC3FR187901,CA,45.0,11426,Black,Black,midway hfc fleet/ars,57300,59900,2014-12-18,Thursday
2014,Acura,Ilx,Technology Package,Sedan,automatic,19VDE1F70EE008913,CA,25.0,9051,Gray,Black,american honda motor company,22700,21250,2014-12-18,Thursday
2014,Bmw,M5,Base,Sedan,automatic,WBSFV9C51ED097712,CA,47.0,7766,Gray,Black,fratelli investment group,71000,77250,2014-12-18,Thursday
2014,Chevrolet,Camaro,LT,Coupe,automatic,2G1FB1E35E9238493,CA,31.0,9914,Black,Black,midway hfc fleet/ars,22500,20600,2014-12-18,Thursday
2014,Chevrolet,Camaro,LT,Coupe,automatic,2G1FB1E33E9211499,CA,41.0,17594,Gray,Black,midway hfc fleet/ars,21500,19600,2014-12-18,Thursday
2014,Audi,Tts,quattro,Coupe,automatic,TRUB1AFK9E1007640,CA,28.0,3996,Silver,Black,fratelli investment group,41400,34250,2014-12-18,Thursday
2014,Acura,Mdx,Advance and Entertainment Packages,Suv,automatic,5FRYD3H83EB011004,CA,49.0,21523,White,Gray,onemain rem/m&m auto traders,39500,41500,2014-12-18,Thursday
2014,Chevrolet,Cruze,2LT,Sedan,automatic,1G1PE5SB8E7420706,CA,2.0,8154,Silver,Black,enterprise vehicle exchange / tra / rental / tulsa,14150,10000,2014-12-18,Thursday
2014,Chevrolet,Silverado 1500,LT,Crew Cab,automatic,3GCUKREC9EG452373,CA,4.0,9685,White,Black,ars/acme auto leasing,31700,30000,2014-12-18,Thursday
2014,Acura,Ilx,Base,Sedan,automatic,19VDE1F38EE011281,CA,41.0,12905,Silver,Gray,american honda motor company,19950,20400,2014-12-18,Thursday
2013,Hyundai,Elantra,GLS,Sedan,automatic,5NPDH4AE2DH375957,CA,2.0,35824,Gray,Gray,enterprise vehicle exchange / tra / rental / tulsa,11500,8700,2014-12-18,Thursday
2013,Hyundai,Accent,GS,Hatchback,manual,KMHCT5AE8DU091850,CA,47.0,15813,Green,Black,jpmorgan chase bank n.a.,10500,9500,2014-12-18,Thursday
2013,Hyundai,Sonata,GLS,Sedan,automatic,5NPEB4AC5DH648748,CA,39.0,25895,White,Beige,jpmorgan chase bank n.a.,12850,12900,2014-12-18,Thursday
2013,Mazda,Mazda2,Sport,Hatchback,automatic,JM1DE1KZ8D0152764,CA,2.0,24252,Black,Black,exeter finance corp,9825,9100,2014-12-18,Thursday
2013,Lexus,Es 350,Base,Sedan,automatic,JTHBK1GG1D2049728,CA,38.0,24478,Gray,Black,mercedes benz of temecula,28900,27750,2014-12-18,Thursday
2013,Kia,Forte,LX,Sedan,automatic,KNAFT4A28D5738465,CA,43.0,54978,Black,Gray,exeter finance corp,7050,9200,2014-12-18,Thursday
2013,Jeep,Compass,Latitude,Suv,automatic,1C4NJCEB2DD229860,CA,41.0,32090,White,Black,chrysler capital,12600,13900,2014-12-18,Thursday
2013,Kia,Rio,LX,Sedan,automatic,KNADM4A34D6310898,CA,26.0,13508,White,Black,exeter finance corp,9475,7500,2014-12-18,Thursday
2013,Jeep,Compass,Latitude,Suv,automatic,1C4NJCEB7DD255239,CA,27.0,31688,Red,Black,exeter finance corp,12650,13000,2014-12-18,Thursday
2013,Mercedes-Benz,Glk-Class,GLK350,Suv,automatic,WDCGG5HB6DF956724,CA,34.0,21052,Gray,Black,mercedes-benz usa,29500,25500,2014-12-18,Thursday
2013,Mercedes-Benz,Gl-Class,GL450 4MATIC,Suv,automatic,4JGDF7CE3DA182451,CA,42.0,26853,Gray,Black,mercedes-benz usa,46200,48000,2014-12-18,Thursday
2013,Mercedes-Benz,Gl-Class,GL450 4MATIC,Suv,automatic,4JGDF7CE8DA148599,CA,43.0,16584,Silver,Black,mercedes-benz usa,47300,46750,2014-12-18,Thursday
2013,Kia,Rio,EX,Hatchback,automatic,KNADN5A33D6283020,CA,41.0,11342,Black,Black,jpmorgan chase bank n.a.,10500,12000,2014-12-18,Thursday
2013,Land Rover,Range Rover Evoque,Pure Plus,Suv,automatic,SALVP1BG7DH775994,CA,46.0,9214,White,Black,high bid trading co inc,37400,39000,2014-12-18,Thursday
2013,Mercedes-Benz,S-Class,S550,Sedan,automatic,WDDNG7DB5DA525549,CA,44.0,10862,Black,Black,fratelli investment group,57200,57250,2014-12-18,Thursday
2014,Bmw,6 Series Gran Coupe,650i,Sedan,automatic,WBA6B2C57ED129731,CA,43.0,2641,Gray,Black,financial services remarketing (lease),66000,67000,2014-12-18,Thursday
2014,Audi,Q5,2.0T Premium Plus quattro,Suv,automatic,WA1LFAFPXEA085074,CA,49.0,7983,White,Black,audi north scottsdale,37100,40000,2014-12-18,Thursday
2015,Audi,A3,1.8 TFSI Premium,Sedan,automatic,WAUACGFF7F1002327,CA,49.0,5826,Gray,Black,audi north scottsdale,24000,23750,2014-12-18,Thursday
2015,Volvo,V60,T5,Wagon,automatic,YV1612SB9F1202043,CA,41.0,11846,White,Beige,volvo na rep/world omni,31300,30000,2014-12-18,Thursday
2014,Bmw,X6,xDrive35i,Suv,automatic,5UXFG2C53E0H11080,CA,4.0,379,White,Black,financial services remarketing (lease),54800,51700,2014-12-18,Thursday
2015,Volvo,V60,T5,Wagon,automatic,YV1612SB1F1201503,CA,42.0,12242,Black,Gray,volvo na rep/world omni,31200,30000,2014-12-18,Thursday
2015,Volvo,V60,T5,Wagon,automatic,YV1612SBXF1202276,CA,37.0,10906,Silver,Black,volvo na rep/world omni,31500,30000,2014-12-18,Thursday
2015,Audi,A3,1.8 TFSI Premium,Sedan,automatic,WAUACGFF1F1002467,CA,5.0,1906,Gray,Black,audi north scottsdale,24100,25750,2014-12-18,Thursday
2014,Bmw,X1,sDrive28i,Suv,automatic,WBAVM1C53EVW47779,CA,48.0,19689,White,Black,financial services remarketing (lease),23700,26500,2014-12-18,Thursday
2014,Bmw,M5,Base,Sedan,automatic,WBSFV9C54ED593085,CA,38.0,13386,White,Black,the hertz corporation,67000,65000,2014-12-18,Thursday
2015,Volvo,V60,T5,Wagon,automatic,YV1612SB6F1202338,CA,37.0,14806,White,Beige,volvo na rep/world omni,30700,30000,2014-12-18,Thursday
2014,Bmw,6 Series,650i,Convertible,automatic,WBAYP9C59ED169280,CA,37.0,15727,White,Black,the hertz corporation,66000,65000,2014-12-18,Thursday
2014,Bmw,X5,xDrive35i,Suv,automatic,5UXKR0C54E0K49204,CA,5.0,4503,White,Black,financial services remarketing (lease),57500,57250,2014-12-18,Thursday
2015,Volvo,V60,T5,Wagon,automatic,YV1612SB2F1201221,CA,41.0,12273,White,Beige,volvo na rep/world omni,31200,30000,2014-12-18,Thursday
2013,Infiniti,G Coupe,G37 Sport,G Coupe,automatic,JN1CV6EK4DM921604,CA,45.0,14716,White,Black,nissan infiniti lt,25900,25000,2014-12-18,Thursday
2013,Infiniti,G Sedan,G37 Journey,G Sedan,automatic,JN1CV6AP3DM726059,CA,46.0,68,Black,Black,nissan infiniti lt,25700,27250,2014-12-18,Thursday
2013,Infiniti,G Sedan,G37 Journey,G Sedan,automatic,JN1CV6APXDM714541,CA,45.0,24112,White,Black,nissan infiniti lt,22800,22500,2014-12-18,Thursday
2013,Infiniti,G Coupe,G37 Sport,G Coupe,automatic,JN1CV6EK8DM920763,CA,47.0,4859,Black,Black,nissan infiniti lt,27200,26750,2014-12-18,Thursday
2013,Infiniti,G Coupe,G37 Sport,G Coupe,automatic,JN1CV6EK8DM900321,CA,45.0,21126,Black,Beige,nissan infiniti lt,25100,26500,2014-12-18,Thursday
2013,Infiniti,G Sedan,G37 Journey,G Sedan,automatic,JN1CV6AP5DM714009,CA,42.0,26675,Blue,Black,nissan infiniti lt,22500,23750,2014-12-18,Thursday
2013,Infiniti,G Sedan,G37 Journey,G Sedan,automatic,JN1CV6AP5DM713958,CA,42.0,19978,White,Black,nissan infiniti lt,23300,24500,2014-12-18,Thursday
2013,Infiniti,Fx,FX37,Suv,automatic,JN8CS1MU2DM140046,CA,43.0,10532,Black,Black,nissan infiniti lt,30800,32000,2014-12-18,Thursday
2013,Infiniti,G Coupe,G37 Sport,G Coupe,automatic,JN1CV6EK0DM900927,CA,41.0,20317,Gray,Black,nissan infiniti lt,25200,26250,2014-12-18,Thursday
2013,Infiniti,G Sedan,G37 Journey,G Sedan,automatic,JN1CV6AP9DM712232,CA,35.0,26888,White,Gray,nissan infiniti lt,22400,23250,2014-12-18,Thursday
2013,Infiniti,G Coupe,G37 Sport,G Coupe,automatic,JN1CV6EK0DM920093,CA,48.0,7815,White,Black,nissan infiniti lt,26800,27000,2014-12-18,Thursday
2013,Infiniti,G Sedan,G37 Journey,G Sedan,automatic,JN1CV6AP0DM725418,CA,45.0,11250,Black,Black,nissan infiniti lt,24300,23500,2014-12-18,Thursday
2013,Infiniti,G Sedan,G37 Journey,G Sedan,automatic,JN1CV6AP2DM714887,CA,43.0,16154,Gray,Black,nissan infiniti lt,23700,22750,2014-12-18,Thursday
2013,Infiniti,G Sedan,G37 Journey,G Sedan,automatic,JN1CV6AP2DM712055,CA,42.0,22405,Gray,Gray,nissan infiniti lt,23000,23000,2014-12-18,Thursday
2013,Infiniti,G Sedan,G37 Journey,G Sedan,automatic,JN1CV6AP5DM713801,CA,38.0,28172,Silver,Black,nissan infiniti lt,22300,21000,2014-12-18,Thursday
2013,Infiniti,G Sedan,G37 Journey,G Sedan,automatic,JN1CV6AP2DM712170,CA,47.0,18600,White,Black,nissan infiniti lt,23400,24750,2014-12-18,Thursday
2013,Infiniti,G Sedan,G37 Journey,G Sedan,automatic,JN1CV6APXDM712417,CA,4.0,11440,Black,Black,nissan infiniti lt,24300,23000,2014-12-18,Thursday
2013,Infiniti,G Sedan,G37 Journey,G Sedan,automatic,JN1CV6AP4DM303216,CA,44.0,15208,White,Black,nissan infiniti lt,23800,25250,2014-12-18,Thursday
2013,Infiniti,G Sedan,G37 Journey,G Sedan,automatic,JN1CV6AP9DM300442,CA,44.0,29672,White,Black,nissan infiniti lt,22100,23000,2014-12-18,Thursday
2013,Infiniti,G Sedan,G37 Journey,G Sedan,automatic,JN1CV6APXDM712403,CA,37.0,22165,Black,Beige,nissan infiniti lt,23000,22750,2014-12-18,Thursday
2013,Infiniti,G Sedan,G37 Journey,G Sedan,automatic,JN1CV6AP8DM717292,CA,45.0,21263,Black,Beige,nissan infiniti lt,23100,22000,2014-12-18,Thursday
2013,Infiniti,G Sedan,G37 Journey,G Sedan,automatic,JN1CV6AP6DM714973,CA,43.0,11847,White,Beige,nissan infiniti lt,24200,25000,2014-12-18,Thursday
2013,Infiniti,G Sedan,G37 Journey,G Sedan,automatic,JN1CV6AP9DM719505,CA,41.0,15562,Gray,Black,nissan infiniti lt,23800,24500,2014-12-18,Thursday
2013,Infiniti,G Sedan,G37 Journey,G Sedan,automatic,JN1CV6AP8DM711170,CA,44.0,22021,Black,Black,nissan infiniti lt,23000,22000,2014-12-18,Thursday
2013,Infiniti,G Coupe,G37 Sport,G Coupe,automatic,JN1CV6EK3DM921383,CA,42.0,16338,Gray,Black,nissan infiniti lt,25700,25500,2014-12-18,Thursday
2013,Infiniti,G Coupe,G37 Sport,G Coupe,automatic,JN1CV6EKXDM920134,CA,42.0,15131,White,Black,nissan infiniti lt,25900,26000,2014-12-18,Thursday
2013,Infiniti,G Sedan,G37 Journey,G Sedan,automatic,JN1CV6AP4DM301420,CA,45.0,28053,Black,Black,nissan infiniti lt,22300,25000,2014-12-18,Thursday
2013,Infiniti,G Sedan,G37 Journey,G Sedan,automatic,JN1CV6AP0DM711499,CA,41.0,19587,Blue,Gray,nissan infiniti lt,23300,23500,2014-12-18,Thursday
2013,Infiniti,G Sedan,G37 Journey,G Sedan,automatic,JN1CV6AP1DM712628,CA,46.0,20246,Gray,Black,nissan infiniti lt,23200,24750,2014-12-18,Thursday
2013,Infiniti,G Sedan,G37 Journey,G Sedan,automatic,JN1CV6AP8DM716627,CA,36.0,23104,Blue,Black,nissan infiniti lt,22900,22750,2014-12-18,Thursday
2013,Infiniti,G Sedan,G37 Journey,G Sedan,automatic,JN1CV6AP3DM713263,CA,46.0,5017,White,Beige,nissan infiniti lt,25100,23500,2014-12-18,Thursday
2013,Infiniti,G Sedan,G37 Journey,G Sedan,automatic,JN1CV6AP6DM711376,CA,35.0,25132,White,Black,nissan infiniti lt,22600,23500,2014-12-18,Thursday
2013,Infiniti,G Sedan,G37 Journey,G Sedan,automatic,JN1CV6AP7DM711712,CA,43.0,14887,Gray,Black,nissan infiniti lt,23900,24500,2014-12-18,Thursday
2013,Infiniti,G Coupe,G37 Sport,G Coupe,automatic,JN1CV6EK2DM920760,CA,41.0,17090,Black,Black,nissan infiniti lt,25600,21500,2014-12-18,Thursday
2013,Infiniti,G Sedan,G37 Journey,G Sedan,automatic,JN1CV6APXDM714507,CA,43.0,24031,Blue,Black,nissan infiniti lt,22800,20500,2014-12-18,Thursday
2013,Infiniti,G Sedan,G37 Journey,G Sedan,automatic,JN1CV6AP0DM713933,CA,43.0,26396,Gray,Black,nissan infiniti lt,22500,23750,2014-12-18,Thursday
2013,Infiniti,G Sedan,G37 Journey,G Sedan,automatic,JN1CV6AP4DM302678,CA,47.0,16854,Gray,Gray,nissan infiniti lt,23600,25750,2014-12-18,Thursday
2013,Infiniti,G Sedan,G37 Journey,G Sedan,automatic,JN1CV6AP3DM301392,CA,44.0,14486,Brown,Black,nissan infiniti lt,23900,22000,2014-12-18,Thursday
2013,Infiniti,G Coupe,G37 Sport,G Coupe,automatic,JN1CV6EK5DM920106,CA,44.0,19492,White,Black,nissan infiniti lt,25300,26250,2014-12-18,Thursday
2013,Infiniti,G Sedan,G37 Journey,G Sedan,automatic,JN1CV6APXDM714605,CA,45.0,19368,White,Black,nissan infiniti lt,23300,23000,2014-12-18,Thursday
2013,Infiniti,G Sedan,G37 Journey,G Sedan,automatic,JN1CV6AP7DM713816,CA,47.0,25635,White,Beige,nissan infiniti lt,22600,26500,2014-12-18,Thursday
2013,Infiniti,G Sedan,G37 Journey,G Sedan,automatic,JN1CV6AP1DM712273,CA,39.0,26907,Gray,Black,nissan infiniti lt,22400,21750,2014-12-18,Thursday
2013,Infiniti,G Sedan,G37 Journey,G Sedan,automatic,JN1CV6AP5DM721977,CA,34.0,14765,Gray,Black,nissan infiniti lt,23900,23500,2014-12-18,Thursday
2013,Infiniti,G Sedan,G37 Journey,G Sedan,automatic,JN1CV6AP3DM710802,CA,43.0,18673,Gray,Gray,nissan infiniti lt,23400,22000,2014-12-18,Thursday
2013,Infiniti,G Sedan,G37 Journey,G Sedan,automatic,JN1CV6AP4DM715250,CA,44.0,16009,Gray,Black,nissan infiniti lt,23700,22750,2014-12-18,Thursday
2013,Infiniti,G Sedan,G37 Journey,G Sedan,automatic,JN1CV6AP0DM714516,CA,4.0,15260,Silver,Black,nissan infiniti lt,23800,24500,2014-12-18,Thursday
2013,Infiniti,G Sedan,G37 Journey,G Sedan,automatic,JN1CV6APXDM300417,CA,36.0,20976,Black,Black,nissan infiniti lt,23100,21000,2014-12-18,Thursday
2013,Infiniti,G Sedan,G37 Journey,G Sedan,automatic,JN1CV6AP3DM714428,CA,46.0,22294,Black,Black,nissan infiniti lt,23000,24750,2014-12-18,Thursday
2013,Infiniti,G Coupe,G37 Sport,G Coupe,automatic,JN1CV6EK7DM921385,CA,4.0,30556,Gray,Black,nissan infiniti lt,23900,23500,2014-12-18,Thursday
2013,Infiniti,G Sedan,G37 Journey,G Sedan,automatic,JN1CV6AP2DM714792,CA,41.0,29731,White,Beige,nissan infiniti lt,22100,21000,2014-12-18,Thursday
2013,Infiniti,G Coupe,G37 Sport,G Coupe,automatic,JN1CV6EK3DM920766,CA,44.0,13321,White,Gray,nissan infiniti lt,26100,26000,2014-12-18,Thursday
2013,Infiniti,G Sedan,G37 Journey,G Sedan,automatic,JN1CV6AP1DM719644,CA,45.0,23420,Gray,Black,nissan infiniti lt,22800,22250,2014-12-18,Thursday
2013,Infiniti,G Sedan,G37 Journey,G Sedan,automatic,JN1CV6APXDM710375,CA,32.0,28875,Gray,Black,nissan infiniti lt,22200,21000,2014-12-18,Thursday
2013,Infiniti,G Sedan,G37 Journey,G Sedan,automatic,JN1CV6AP8DM301100,CA,45.0,21557,White,Black,nissan infiniti lt,23100,25250,2014-12-18,Thursday
2013,Infiniti,G Sedan,G37 Journey,G Sedan,automatic,JN1CV6AP8DM712058,CA,38.0,20067,Gray,Black,nissan infiniti lt,23300,24000,2014-12-18,Thursday
2013,Infiniti,G Coupe,G37 Sport,G Coupe,automatic,JN1CV6EKXDM921560,CA,42.0,22354,Gray,Black,nissan infiniti lt,24900,25000,2014-12-18,Thursday
2013,Infiniti,G Sedan,G37 Journey,G Sedan,automatic,JN1CV6AP1DM714069,CA,44.0,28920,Blue,Gray,nissan infiniti lt,22200,23250,2014-12-18,Thursday
2013,Infiniti,G Coupe,G37 Sport,G Coupe,automatic,JN1CV6EK5DM900664,CA,44.0,16605,Black,Black,nissan infiniti lt,25700,25500,2014-12-18,Thursday
2013,Infiniti,G Sedan,G37 Journey,G Sedan,automatic,JN1CV6AP9DM713509,CA,38.0,28127,Silver,Black,nissan infiniti lt,22300,21500,2014-12-18,Thursday
2013,Infiniti,G Sedan,G37 Journey,G Sedan,automatic,JN1CV6AP6DM715699,CA,39.0,22828,Black,Black,nissan infiniti lt,22900,24500,2014-12-18,Thursday
2013,Infiniti,G Sedan,G37 Journey,G Sedan,automatic,JN1CV6AP9DM716121,CA,39.0,23097,White,Black,nissan infiniti lt,22900,21250,2014-12-18,Thursday
2013,Infiniti,G Sedan,G37 Journey,G Sedan,automatic,JN1CV6AP5DM720571,CA,49.0,15802,Silver,Black,nissan infiniti lt,23800,25000,2014-12-18,Thursday
2013,Infiniti,G Sedan,G37 Journey,G Sedan,automatic,JN1CV6AP7DM301475,CA,45.0,27333,Black,Black,nissan infiniti lt,22400,24500,2014-12-18,Thursday
2013,Infiniti,G Sedan,G37 Journey,G Sedan,automatic,JN1CV6AP1DM711625,CA,44.0,20263,Black,Black,nissan infiniti lt,23200,26000,2014-12-18,Thursday
2013,Infiniti,G Sedan,G37 Journey,G Sedan,automatic,JN1CV6AP1DM716758,CA,42.0,28694,Black,Black,nissan infiniti lt,22200,21500,2014-12-18,Thursday
2013,Infiniti,G Sedan,G37 Journey,G Sedan,automatic,JN1CV6AP0DM300670,CA,44.0,30464,Gray,Black,nissan infiniti lt,22000,24000,2014-12-18,Thursday
2013,Infiniti,G Sedan,G37 Journey,G Sedan,automatic,JN1CV6APXDM714264,CA,46.0,10610,White,Gray,nissan infiniti lt,24400,23500,2014-12-18,Thursday
2013,Infiniti,G Sedan,G37 Journey,G Sedan,automatic,JN1CV6AP3DM719922,CA,44.0,19573,White,Gray,nissan infiniti lt,23300,22000,2014-12-18,Thursday
2013,Infiniti,G Sedan,G37 Journey,G Sedan,automatic,JN1CV6AP6DM712365,CA,37.0,20202,Black,Black,nissan infiniti lt,23200,21750,2014-12-18,Thursday
2013,Infiniti,G Sedan,G37 Journey,G Sedan,automatic,JN1CV6AP5DM711210,CA,46.0,17541,White,Gray,nissan infiniti lt,23600,24750,2014-12-18,Thursday
2013,Infiniti,G Sedan,G37 Journey,G Sedan,automatic,JN1CV6AP0DM711549,CA,42.0,23470,Black,Black,nissan infiniti lt,22800,24500,2014-12-18,Thursday
2013,Infiniti,G Sedan,G37 Journey,G Sedan,automatic,JN1CV6AP3DM710234,CA,43.0,29782,Gray,Black,nissan infiniti lt,22100,21500,2014-12-18,Thursday
2013,Infiniti,G Sedan,G37 Journey,G Sedan,automatic,JN1CV6AP3DM710394,CA,39.0,10993,Blue,Black,nissan infiniti lt,24400,24250,2014-12-18,Thursday
2013,Infiniti,G Sedan,G37 Journey,G Sedan,automatic,JN1CV6AP7DM710365,CA,45.0,18921,Gray,Black,nissan infiniti lt,23400,21750,2014-12-18,Thursday
2013,Infiniti,G Sedan,G37 Journey,G Sedan,automatic,JN1CV6APXDM714880,CA,41.0,17672,Black,Black,nissan infiniti lt,23500,21500,2014-12-18,Thursday
2013,Infiniti,G Sedan,G37 Journey,G Sedan,automatic,JN1CV6AP3DM713554,CA,37.0,16486,Black,Black,nissan infiniti lt,23700,24000,2014-12-18,Thursday
2013,Infiniti,G Sedan,G37 Journey,G Sedan,automatic,JN1CV6AP5DM713250,CA,43.0,11596,White,Black,nissan infiniti lt,24300,26000,2014-12-18,Thursday
2013,Infiniti,G Sedan,G37 Journey,G Sedan,automatic,JN1CV6AP7DM716733,CA,42.0,16153,Blue,Black,nissan infiniti lt,23700,24000,2014-12-18,Thursday
2013,Infiniti,G Sedan,G37 Journey,G Sedan,automatic,JN1CV6AP4DM712607,CA,44.0,9785,Blue,Black,nissan infiniti lt,24500,23000,2014-12-18,Thursday
2013,Infiniti,G Coupe,G37 Sport,G Coupe,automatic,JN1CV6EK5DM920784,CA,36.0,26843,Gray,Black,nissan infiniti lt,24400,24250,2014-12-18,Thursday
2013,Infiniti,G Coupe,G37 Sport,G Coupe,automatic,JN1CV6EK5DM920672,CA,37.0,18548,Gray,Black,nissan infiniti lt,25400,25000,2014-12-18,Thursday
2013,Infiniti,G Sedan,G37 Journey,G Sedan,automatic,JN1CV6AP1DM711334,CA,42.0,25016,White,Black,nissan infiniti lt,22700,24750,2014-12-18,Thursday
2013,Infiniti,G Sedan,G37 Journey,G Sedan,automatic,JN1CV6AP4DM714969,CA,44.0,9535,Black,Black,nissan infiniti lt,24500,25000,2014-12-18,Thursday
2013,Infiniti,G Sedan,G37 Journey,G Sedan,automatic,JN1CV6AP9DM714417,CA,45.0,23481,White,Black,nissan infiniti lt,22800,25750,2014-12-18,Thursday
2013,Infiniti,G Sedan,G37 Journey,G Sedan,automatic,JN1CV6AP8DM715803,CA,43.0,13273,Gray,Gray,nissan infiniti lt,24100,25750,2014-12-18,Thursday
2013,Infiniti,G Sedan,G37 Journey,G Sedan,automatic,JN1CV6AP8DM712593,CA,44.0,16833,Gray,Black,nissan infiniti lt,23600,24750,2014-12-18,Thursday
2013,Infiniti,G Sedan,G37 Journey,G Sedan,automatic,JN1CV6AP3DM713666,CA,42.0,20070,Gray,Black,nissan infiniti lt,23300,22000,2014-12-18,Thursday
2013,Infiniti,G Sedan,G37 Journey,G Sedan,automatic,JN1CV6AP3DM712825,CA,39.0,13632,Gray,Gray,nissan infiniti lt,24000,22000,2014-12-18,Thursday
2013,Infiniti,G Sedan,G37 Journey,G Sedan,automatic,JN1CV6AP2DM712928,CA,42.0,20432,White,Black,nissan infiniti lt,23200,24250,2014-12-18,Thursday
2013,Mercedes-Benz,C-Class,C250 Sport,Sedan,automatic,WDDGF4HB8DA832718,CA,45.0,20161,White,Black,mercedes-benz financial services,23100,25000,2014-12-18,Thursday
2013,Infiniti,G Sedan,G37 Journey,G Sedan,automatic,JN1CV6AP2DM712931,CA,4.0,33838,Gray,Black,nissan infiniti lt,21600,20250,2014-12-18,Thursday
2013,Infiniti,G Sedan,G37 Journey,G Sedan,automatic,JN1CV6AP9DM712909,CA,43.0,19683,Gray,Black,nissan infiniti lt,23300,26000,2014-12-18,Thursday
2013,Infiniti,G Sedan,G37x,G Sedan,automatic,JN1CV6AR0DM750465,CA,44.0,37527,White,Black,nissan infiniti lt,21700,23000,2014-12-18,Thursday
2013,Land Rover,Lr4,HSE LUX,Suv,automatic,SALAK2D48DA693027,CA,44.0,2059,Gray,Black,land rover north america llc,58500,42000,2014-12-18,Thursday
2013,Infiniti,G Sedan,G37x,G Sedan,automatic,JN1CV6AR5DM750574,CA,38.0,23642,Gray,Black,nissan infiniti lt,23300,23000,2014-12-18,Thursday
2013,Infiniti,M,M37,Sedan,automatic,JN1BY1AP3DM514252,CA,41.0,9338,White,Black,nissan north america inc.,34700,34500,2014-12-18,Thursday
2013,Infiniti,G Sedan,G37x,G Sedan,automatic,JN1CV6ARXDM750005,CA,38.0,46548,Gray,Gray,nissan infiniti lt,20700,21000,2014-12-18,Thursday
2013,Infiniti,G Sedan,G37 Journey,G Sedan,automatic,JN1CV6AP6DM712706,CA,45.0,35450,Gray,Black,nissan infiniti lt,21400,23000,2014-12-18,Thursday
2013,Mercedes-Benz,S-Class,S550,Sedan,automatic,WDDNG7DB9DA492877,CA,36.0,24168,Black,Black,mercedes-benz financial services,55300,56250,2014-12-18,Thursday
2013,Infiniti,G Sedan,G37 Journey,G Sedan,manual,JN1CV6AP1DM300564,CA,43.0,13149,Black,Black,nissan infiniti lt,27100,28250,2014-12-18,Thursday
2013,Jaguar,Xf,Base,Sedan,automatic,SAJWA0ES1DPS79829,CA,42.0,10067,Black,Tan,jaguar north america llc,33700,26000,2014-12-18,Thursday
2013,Jaguar,Xf,Base,Sedan,automatic,SAJWA0ES4DPS64029,CA,5.0,6891,Blue,Gray,jaguar north america llc,34100,26000,2014-12-18,Thursday
2013,Mercedes-Benz,M-Class,ML350,Suv,automatic,4JGDA5JB8DA218923,CA,5.0,6536,Silver,Black,mercedes-benz finc services premier program,40400,42750,2014-12-18,Thursday
2013,Mercedes-Benz,S-Class,S550,Sedan,automatic,WDDNG7DB8DA497438,CA,35.0,38407,Black,Black,us bank,53300,54000,2014-12-18,Thursday
2013,Land Rover,Range Rover Evoque,Pure Premium,Suv,automatic,SALVR2BG6DH755364,CA,5.0,5403,Gray,Black,land rover north america llc,38600,30500,2014-12-18,Thursday
2013,Kia,Optima,SX,Sedan,automatic,5XXGR4A6XDG089207,CA,44.0,67229,White,Gray,kia motors finance,18300,19000,2014-12-18,Thursday
2013,Mercedes-Benz,C-Class,C250 Sport,Sedan,automatic,WDDGF4HB2DR241947,CA,43.0,22984,White,Black,mercedes-benz financial services,22800,21750,2014-12-18,Thursday
2013,Infiniti,G Coupe,G37 Sport,G Coupe,manual,JN1CV6EK1DM920250,CA,35.0,19058,Black,Black,nissan infiniti lt,27300,28750,2014-12-18,Thursday
2013,Infiniti,M,M37,Sedan,automatic,JN1BY1AP2DM514632,CA,43.0,9810,Silver,Black,nissan north america inc.,34600,30000,2014-12-18,Thursday
2013,Land Rover,Range Rover Sport,Supercharged Limited Edition,Suv,automatic,SALSH2E49DA763586,CA,37.0,26757,Black,Gray,jpmorgan chase bank n.a.,61000,60000,2014-12-18,Thursday
2013,Mercedes-Benz,E-Class,E350 Sport,Sedan,automatic,WDDHF5KB1DA703044,CA,47.0,31064,Gray,Black,mercedes-benz financial services,31000,30750,2014-12-18,Thursday
2013,Mercedes-Benz,E-Class,E350,Coupe,automatic,WDDKJ5KB4DF191416,CA,45.0,19538,White,Gray,mercedes-benz financial services,33200,32250,2014-12-18,Thursday
2013,Lexus,Gs 350,Base,Sedan,automatic,JTHBE1BL4D5001280,CA,38.0,42813,Black,Gray,ubs wholesale,31900,31000,2014-12-18,Thursday
2013,Infiniti,M,M37,Sedan,automatic,JN1BY1AP6DM514665,CA,45.0,8691,Black,Black,nissan north america inc.,34800,33500,2014-12-18,Thursday
2013,Mercedes-Benz,E-Class,E350 Sport,Sedan,automatic,WDDHF5KB6DA718574,CA,47.0,10616,White,Black,mercedes-benz financial services,34700,34750,2014-12-18,Thursday
2013,Infiniti,G Sedan,G37 Journey,G Sedan,automatic,JN1CV6AP8DM716708,CA,44.0,32635,Black,Black,nissan infiniti lt,21700,21750,2014-12-18,Thursday
2015,Nissan,Altima,2.5 S,Sedan,automatic,1N4AL3AP5FC124223,CA,2.0,11398,Black,Black,enterprise vehicle exchange / tra / rental / tulsa,14750,14100,2014-12-23,Tuesday
2015,Audi,A3,1.8 TFSI Premium,Sedan,automatic,WAUACGFF6F1029938,CA,2.0,31,White,Black,enterprise vehicle exchange / tra / rental / tulsa,24200,17300,2014-12-23,Tuesday
2014,Cadillac,Srx,Luxury,Suv,automatic,3GYFNBE32ES536307,CA,44.0,8683,White,Black,lease plan usa,33500,30000,2014-12-23,Tuesday
2013,Hyundai,Accent,GLS,Sedan,automatic,KMHCT4AE9DU436426,CA,2.0,34136,Black,Beige,enterprise vehicle exchange / tra / rental / tulsa,9700,8100,2014-12-23,Tuesday
2013,Kia,Forte,EX,Sedan,automatic,KNAFU4A22D5724414,CA,27.0,55885,Gray,Black,caprock auto remarketing,9175,8800,2014-12-23,Tuesday
2014,Bmw,M5,Base,Sedan,automatic,WBSFV9C55ED593080,CA,41.0,15161,White,Black,the hertz corporation,66000,65801,2014-12-23,Tuesday
2013,Infiniti,G Sedan,G37 Journey,G Sedan,automatic,JN1CV6APXDM712658,CA,37.0,17337,White,Black,nissan infiniti lt,23600,20250,2014-12-23,Tuesday
2013,Infiniti,G Sedan,G37 Journey,G Sedan,automatic,JN1CV6AP5DM714785,CA,22.0,24054,Gray,Black,nissan infiniti lt,22900,18750,2014-12-23,Tuesday
2013,Infiniti,G Sedan,G37 Journey,G Sedan,automatic,JN1CV6AP9DM715258,CA,26.0,14264,White,Tan,nissan infiniti lt,23900,20750,2014-12-23,Tuesday
2013,Infiniti,Fx,FX37,Suv,automatic,JN8CS1MW7DM174050,CA,41.0,40087,Gray,Black,infiniti financial services,27700,27250,2014-12-23,Tuesday
2013,Infiniti,G Sedan,G37 Journey,G Sedan,automatic,JN1CV6AP2DM712489,CA,37.0,20707,White,Black,nissan infiniti lt,23200,23500,2014-12-23,Tuesday
2013,Hyundai,Elantra,GLS,Sedan,automatic,5NPDH4AE7DH339679,CA,49.0,41481,Silver,Gray,avis rac/san leandro,11150,11500,2014-12-23,Tuesday
2013,Infiniti,G Sedan,G37 Journey,G Sedan,automatic,JN1CV6AP0DM712653,CA,44.0,32437,White,Black,nissan infiniti lt,22000,20500,2014-12-23,Tuesday
2013,Infiniti,G Sedan,G37x,G Sedan,automatic,JN1CV6AR5DM350059,CA,43.0,40101,Blue,Black,nissan infiniti lt,21600,20250,2014-12-23,Tuesday
2013,Mazda,Mazda5,Touring,Minivan,automatic,JM1CW2CL5D0150799,CA,39.0,37664,Gray,Black,avis rac/san leandro,11750,13000,2014-12-23,Tuesday
2013,Mini,Cooper,Base,Hatchback,automatic,WMWSU3C58DT546181,CA,39.0,42973,Red,Black,avis rac/san leandro,12400,12500,2014-12-23,Tuesday
2013,Nissan,Altima,2.5 S,Coupe,automatic,1N4AL2EP0DC231309,CA,1.0,33985,Black,Black,remarketing by ge/manheim southern california,13700,8000,2014-12-23,Tuesday
2013,Mazda,Mazda5,Sport,Minivan,automatic,JM1CW2BL4D0152478,CA,35.0,36898,Gray,Tan,avis corporation,12400,13100,2014-12-26,Friday
2013,Nissan,Juke,S,Hatchback,automatic,JN8AF5MV4DT218618,CA,43.0,38134,Gray,Black,enterprise veh exchange/rental,13750,14400,2014-12-26,Friday
2015,Lexus,Rx 350,Base,Suv,automatic,2T2ZK1BA7FC155782,CA,43.0,7770,White,Black,lexus financial services,41200,38400,2014-12-30,Tuesday
2015,Nissan,Altima,2.5 S,Sedan,automatic,1N4AL3AP1FN326013,CA,1.0,5554,Gray,Black,enterprise vehicle exchange / tra / rental / tulsa,15350,10900,2014-12-30,Tuesday
2015,Nissan,Altima,2.5 S,Sedan,automatic,1N4AL3AP1FN331213,CA,1.0,4314,Black,Black,enterprise vehicle exchange / tra / rental / tulsa,15500,11500,2014-12-30,Tuesday
2014,Buick,Enclave,Leather Group,Suv,automatic,5GAKRBKD2EJ294045,CA,1.0,14599,Gray,Black,enterprise vehicle exchange / tra / rental / tulsa,31000,24100,2014-12-30,Tuesday
2014,Chevrolet,Cruze,1LT,Sedan,automatic,1G1PC5SB2E7105471,CA,42.0,37888,Gray,Black,enterprise vehicle exchange/orange,11600,11500,2014-12-30,Tuesday
2014,Audi,A8,L 3.0T quattro,Sedan,automatic,WAURGAFD8EN003111,CA,43.0,32918,Black,Black,audi west covina,62000,50000,2014-12-30,Tuesday
2013,Hyundai,Equus,Ultimate,Sedan,automatic,KMHGH4JH5DU065956,CA,41.0,7755,Black,Black,hyundai motor america/co car,35500,36000,2014-12-30,Tuesday
2013,Mercedes-Benz,C-Class,C250 Sport,Sedan,automatic,WDDGF4HB3DR256859,CA,28.0,31978,Black,Black,the hertz corporation,22000,21000,2014-12-30,Tuesday
2013,Nissan,Altima,2.5,Sedan,automatic,1N4AL3AP4DN548218,CA,39.0,37395,White,Beige,avis corporation,13150,13400,2014-12-30,Tuesday
2013,Lexus,Ls 460,L,Sedan,automatic,JTHGL1EFXD5047925,CA,49.0,71,Gold,Beige,sunshine autos,66000,64000,2014-12-30,Tuesday
2015,Nissan,Altima,2.5 S,Sedan,automatic,1N4AL3AP4FN310470,CA,1.0,12752,Gray,Black,enterprise vehicle exchange / tra / rental / tulsa,14600,9500,2014-12-30,Tuesday
2013,Hyundai,Sonata,GLS,Sedan,automatic,5NPEB4AC1DH733036,CA,3.0,37060,Blue,Gray,enterprise vehicle exchange / tra / rental / tulsa,12350,10100,2014-12-30,Tuesday
2013,Toyota,Yaris,L,Hatchback,automatic,JTDKTUD33DD552876,CA,2.0,28412,White,Gray,enterprise vehicle exchange / tra / rental / tulsa,9775,7800,2014-12-30,Tuesday
2014,Chevrolet,Camaro,LS,Coupe,automatic,2G1FA1E39E9134494,CA,17.0,13441,Black,Black,wells fargo dealer services,17750,17000,2014-12-30,Tuesday
2013,Jeep,Wrangler,Unlimited Sahara,Suv,automatic,1C4HJWEG8DL539625,CA,31.0,41173,Black,Black,avis corporation,27100,27000,2014-12-30,Tuesday
2013,Kia,Soul,+,Wagon,automatic,KNDJT2A60D7538561,CA,28.0,48270,Black,Black,exeter finance corp,11250,11000,2014-12-30,Tuesday
2013,Jeep,Wrangler,Unlimited Sport,Suv,automatic,1C4HJWDG9DL604791,CA,43.0,41997,Black,Black,avis corporation,24200,25250,2014-12-30,Tuesday
2013,Jeep,Wrangler,Unlimited Sport,Suv,automatic,1C4HJWDG3DL620646,CA,37.0,42482,Black,Black,avis corporation,24200,25000,2014-12-30,Tuesday
2013,Nissan,Altima,2.5,Sedan,automatic,1N4AL3AP1DC259891,CA,37.0,47601,Black,Black,merchants leasing,12600,12200,2014-12-30,Tuesday
2013,Hyundai,Sonata,GLS,Sedan,automatic,5NPEB4AC1DH680502,CA,34.0,50160,Blue,Gray,avis rac/san leandro,11500,11900,2014-12-31,Wednesday
2013,Hyundai,Santa Fe,Sport,Suv,automatic,5XYZTDLB2DG045704,CA,43.0,41783,Green,Beige,avis rac/san leandro,17600,17400,2014-12-31,Wednesday
2013,Mitsubishi,Outlander,SE,Suv,automatic,JA4JT3AW5DU020785,CA,39.0,36071,Silver,Black,avis rac/san leandro,14750,15000,2014-12-31,Wednesday
2013,Kia,Rio,LX,Sedan,automatic,KNADM4A36D6256603,CA,4.0,36667,Black,Beige,avis rac/san leandro,9375,9800,2014-12-31,Wednesday
2013,Mazda,Cx-9,Touring,Suv,automatic,JM3TB3CV9D0410440,CA,38.0,46733,Red,Black,avis rac/san leandro,19150,20500,2014-12-31,Wednesday
2013,Mazda,Cx-9,Touring,Suv,automatic,JM3TB2CV8D0412139,CA,36.0,44289,Gray,Black,avis rac/san leandro,19050,20000,2014-12-31,Wednesday
2013,Mini,Cooper Countryman,Base,Wagon,automatic,WMWZB3C52DWM07005,CA,39.0,41357,Silver,Black,avis rac/san leandro,16300,16500,2014-12-31,Wednesday
2013,Nissan,Altima,2.5,Sedan,automatic,1N4AL3AP6DN518833,CA,37.0,43262,Black,Tan,avis corporation,12750,13400,2014-12-31,Wednesday
2014,Bmw,6 Series,650i,Convertible,automatic,WBAYP9C50ED169281,CA,32.0,13205,White,Black,the hertz corporation,66000,65000,2015-01-06,Tuesday
2014,Bmw,6 Series,650i,Convertible,automatic,WBAYP9C57ED169262,CA,38.0,10736,Black,Black,the hertz corporation,67000,65000,2015-01-06,Tuesday
2014,Bmw,6 Series,650i,Convertible,automatic,WBAYP9C55ED169261,CA,4.0,8037,Black,Black,the hertz corporation,67000,65000,2015-01-06,Tuesday
2013,Mitsubishi,Lancer,Ralliart,Sedan,automatic,JA32V6FV9DU003475,CA,36.0,27059,Blue,Black,tycon enterprises,19600,18900,2015-01-06,Tuesday
2014,Chevrolet,Camaro,LT,Coupe,automatic,2G1FB1E37E9270877,CA,3.0,13606,Black,Black,enterprise vehicle exchange / tra / rental / tulsa,21400,13000,2015-01-06,Tuesday
2013,Nissan,Altima,2.5,Sedan,automatic,1N4AL3AP5DC262583,CA,24.0,35591,Gray,Black,merchants leasing,13600,12700,2015-01-07,Wednesday
2013,Nissan,Altima,2.5 S,Coupe,automatic,1N4AL2EP6DC191432,CA,35.0,38530,White,Black,avis corporation,13200,13600,2015-01-08,Thursday
2014,Bmw,M5,Base,Sedan,automatic,WBSFV9C56ED593069,CA,38.0,16360,Black,Black,the hertz corporation,65000,64250,2015-01-13,Tuesday
2013,Hyundai,Sonata,Limited,Sedan,automatic,5NPEC4AC6DH513954,CA,37.0,35428,Black,Beige,hyundai motor finance,16000,16200,2015-01-13,Tuesday
2015,Ford,Fusion,SE,Sedan,automatic,3FA6P0HDXFR145753,CA,2.0,5559,White,Beige,enterprise vehicle exchange / tra / rental / tulsa,15350,12000,2015-01-13,Tuesday
2015,Nissan,Versa Note,1.6 SV,Hatchback,automatic,3N1CE2CP8FL371361,CA,2.0,5773,Red,Black,enterprise vehicle exchange / tra / rental / tulsa,12050,9000,2015-01-13,Tuesday
2013,Hyundai,Equus,Signature,Sedan,automatic,KMHGH4JH9DU063479,CA,41.0,22961,Gray,Black,hyundai buybacks,31500,25000,2015-01-13,Tuesday
2013,Hyundai,Elantra,GLS,Sedan,automatic,5NPDH4AEXDH303629,CA,1.0,24120,Brown,Beige,hyundai motor finance,11950,5200,2015-01-13,Tuesday
2013,Kia,Forte,LX,Sedan,automatic,KNAFT4A26D5682378,CA,2.0,81410,Black,Gray,kia motors finance,6775,2700,2015-01-13,Tuesday
2013,Infiniti,G Coupe,G37 Sport,G Coupe,automatic,JN1CV6EK2DM923402,CA,39.0,6802,White,Black,nissan infiniti lt,26900,23250,2015-01-13,Tuesday
2013,Kia,Forte,LX,Sedan,automatic,KNAFT4A2XD5718881,CA,37.0,39081,White,Beige,kia motors finance,8075,8500,2015-01-13,Tuesday
2013,Kia,Optima,SX,Sedan,automatic,5XXGR4A61DG171696,CA,23.0,38247,Red,Black,kia motors finance,19850,17000,2015-01-13,Tuesday
2015,Hyundai,Elantra,SE,Sedan,automatic,5NPDH4AE2FH566023,CA,2.0,10551,Red,Gray,enterprise vehicle exchange / tra / rental / tulsa,13850,10600,2015-01-13,Tuesday
2013,Kia,Rio,LX,Sedan,automatic,KNADM4A3XD6113380,CA,2.0,45800,Black,Beige,kia motors finance,8550,3850,2015-01-13,Tuesday
2013,Lexus,Gs 350,Base,Sedan,automatic,JTHBE1BL6D5006836,CA,34.0,17786,Beige,Brown,lexus financial services,34500,33000,2015-01-14,Wednesday
2015,Chevrolet,Malibu,LT,Sedan,automatic,1G11D5SL6FU106427,CA,1.0,6105,Silver,Black,enterprise vehicle exchange / tra / rental / tulsa,16600,9800,2015-01-14,Wednesday
2014,Chevrolet,Cruze,2LT,Sedan,automatic,1G1PE5SB0E7134820,CA,42.0,39623,Blue,Black,avis corporation,13350,13200,2015-01-15,Thursday
2014,Bmw,3 Series,328i SULEV,Sedan,automatic,WBA3C1C51EK116351,CA,45.0,1331,Gray,Black,financial services remarketing (lease),31900,30000,2015-01-15,Thursday
2014,Bmw,3 Series,328i SULEV,Sedan,automatic,WBA3C1C58EK106688,CA,45.0,9027,White,Black,financial services remarketing (lease),30200,27500,2015-01-15,Thursday
2014,Bmw,5 Series,535d,Sedan,automatic,WBAXA5C52ED689665,CA,48.0,12292,White,Black,financial services remarketing (lease),46300,46500,2015-01-15,Thursday
2013,Infiniti,G Sedan,G37 Journey,G Sedan,automatic,JN1CV6AP9DM711176,CA,37.0,29907,Gray,Black,nissan infiniti lt,21400,21000,2015-01-15,Thursday
2013,Mercedes-Benz,E-Class,E350 Sport,Sedan,automatic,WDDHF5KB8DA762334,CA,25.0,4995,Black,Black,mercedes-benz usa,35400,31750,2015-01-15,Thursday
2013,Mercedes-Benz,C-Class,C250,Coupe,automatic,WDDGJ4HBXDF943918,CA,35.0,10782,Gray,Black,mercedes-benz financial services,26000,26000,2015-01-15,Thursday
2013,Mercedes-Benz,C-Class,C250,Coupe,automatic,WDDGJ4HBXDG003743,CA,37.0,18960,Black,Beige,mercedes-benz financial services,25300,22750,2015-01-15,Thursday
2013,Mercedes-Benz,C-Class,C250,Coupe,automatic,WDDGJ4HB6DF988399,CA,41.0,19780,Black,Black,mercedes-benz financial services,25300,23750,2015-01-15,Thursday
2013,Mercedes-Benz,S-Class,S550,Sedan,automatic,WDDNG7DB5DA496778,CA,41.0,33776,Black,Black,mercedes-benz financial services,49500,46500,2015-01-15,Thursday
2013,Infiniti,M,M37,Sedan,automatic,JN1BY1AP5DM514530,CA,42.0,6787,Silver,Black,nissan north america inc.,34600,33500,2015-01-15,Thursday
2013,Mercedes-Benz,C-Class,C250,Coupe,automatic,WDDGJ4HB5DF998504,CA,37.0,23783,Black,Tan,mercedes-benz financial services,24900,22500,2015-01-15,Thursday
2014,Chevrolet,Camaro,LT,Convertible,automatic,2G1FB3D37E9218789,CA,3.0,4809,Red,Black,d/m auto sales inc,26300,17500,2015-01-20,Tuesday
2015,Kia,K900,Luxury,Sedan,automatic,KNALW4D42F6018633,CA,44.0,9684,White,Gray,kia motors america  inc,41000,41000,2015-01-20,Tuesday
2013,Kia,Optima,SX,Sedan,automatic,5XXGR4A64DG097254,CA,36.0,30333,Black,Black,kia motors finance,20600,19900,2015-01-20,Tuesday
2013,Lexus,Gs 350,Base,Sedan,automatic,JTHBE1BL4D5013929,CA,35.0,21189,Silver,Black,lexus financial services,34200,31900,2015-01-21,Wednesday
2014,Chevrolet,Cruze,2LT,Sedan,automatic,1G1PE5SB6E7118217,CA,34.0,40661,Silver,Black,avis corporation,13050,13000,2015-01-22,Thursday
2013,Hyundai,Elantra Coupe,GS,Elantra Coupe,automatic,KMHDH6AE8DU017422,CA,1.0,999999,Blue,Gray,hyundai motor finance,8025,2500,2015-01-27,Tuesday
2013,Hyundai,Sonata Hybrid,Limited,Sedan,automatic,KMHEC4A40DA089523,CA,21.0,11099,Silver,Gray,hyundai motor america/co car,19650,16500,2015-01-27,Tuesday
2013,Hyundai,Sonata,GLS,Sedan,automatic,5NPEB4AC0DH721038,CA,37.0,37154,Black,Gray,hyundai motor finance,12400,12100,2015-01-27,Tuesday
2013,Hyundai,Elantra,Limited,Sedan,automatic,5NPDH4AE2DH264292,CA,31.0,13505,Red,Tan,hyundai motor america/co car,14550,13800,2015-01-27,Tuesday
2013,Hyundai,Sonata,GLS,Sedan,automatic,5NPEB4AC7DH636875,CA,38.0,47516,Black,Beige,hyundai motor finance,11850,11700,2015-01-27,Tuesday
2014,Audi,Sq5,3.0T Premium Plus quattro,Suv,automatic,WA1CGAFP4EA030312,CA,42.0,9606,White,Black,audi of downtown l a,48600,47500,2015-01-29,Thursday
2015,Volvo,S60,T5,Sedan,automatic,YV1612TB4F1310987,CA,41.0,14282,White,Black,volvo na rep/world omni,27500,27750,2015-01-29,Thursday
2013,Mercedes-Benz,S-Class,S550,Sedan,automatic,WDDNG7DB2DA502214,CA,36.0,4811,Black,Black,mercedes-benz financial services,55100,45500,2015-01-29,Thursday
2013,Mercedes-Benz,S-Class,S550,Sedan,automatic,WDDNG7DB3DA492051,CA,44.0,14557,Black,Black,mercedes-benz financial services,53000,51500,2015-01-29,Thursday
2013,Mercedes-Benz,S-Class,S550,Sedan,automatic,WDDNG7DB4DA498361,CA,42.0,38691,Black,Black,mercedes-benz financial services,47900,48000,2015-01-29,Thursday
2014,Bmw,5 Series,528i,Sedan,automatic,WBA5A5C51ED501631,CA,29.0,25969,Black,Black,financial services remarketing (lease),34200,30000,2015-02-03,Tuesday
2014,Cadillac,Elr,Base,Coupe,automatic,1G6RR1E48EU601450,CA,47.0,4436,Gray,Black,rogue cu,49400,44000,2015-02-04,Wednesday
2014,Chevrolet,Cruze,2LT,Sedan,automatic,1G1PE5SB4E7102937,CA,42.0,40560,Gray,Brown,avis corporation,12800,12800,2015-02-12,Thursday
2015,Volvo,Xc70,T6,Wagon,automatic,YV4902NB3F1196951,CA,48.0,12725,Beige,Beige,volvo na rep/world omni,32300,32500,2015-02-12,Thursday
2013,Hyundai,Sonata,Limited,Sedan,automatic,5NPEC4AB6DH539798,CA,39.0,45991,Gray,Gray,hyundai motor america/co car,15750,17200,2015-02-17,Tuesday
2015,Kia,K900,Luxury,Sedan,automatic,KNALW4D42F6019667,CA,42.0,5304,Blue,Black,kia motors america  inc,39500,40000,2015-02-17,Tuesday
2015,Volvo,Xc70,T6,Wagon,automatic,YV4902NB3F1198103,CA,42.0,16506,Brown,Brown,volvo na rep/world omni,32100,32500,2015-02-26,Thursday
2015,Volvo,V60,T5,Wagon,automatic,YV1612SB8F1201529,CA,4.0,13623,Silver,Black,volvo na rep/world omni,28400,28000,2015-02-26,Thursday
2015,Chevrolet,Impala,LTZ,Sedan,automatic,2G1165S30F9103921,CA,19.0,14538,Silver,Black,enterprise vehicle exchange / tra / rental / tulsa,24300,7200,2015-07-07,Tuesday
